id,School,Class Period,Condition,Consent,Unit 2 Pre-Test Type,Unit 2 Learning Gain,Unit 4 Pre-Test Type,Unit 4 Learning Gain,Unit 2 Pre-Test,Unit 2 Post-Test,Placeholder,Unit 4 Pre-Test,Unit 4 Post-Test,Number of Assists,# Exercise Problems Completed,# Assessment Problems Completed,% Assessment Problems Correct,Percent Observations On Task,Percent Observations Off Task,Percent Observations Idle or ?,Total Observations,Unit2_Pre_1.A,Unit2_Pre_1.B,Unit2_Pre_1.C,Unit2_Pre_1.D,Unit2_Pre_1.E,Unit2_Pre_1.F,Unit2_Pre_2.A,Unit2_Pre_2.B,Unit2_Pre_3.A,Unit2_Pre_3.B,Unit2_Pre_3.C,Unit2_Pre_3.D,Unit2_Pre_4,Unit2_Pre_5.A,Unit2_Pre_5.B,Unit2_Pre_5.C,Unit2_Pre_5.D,Unit2_Pre_5.E,Unit2_Pre_5.F,Unit2_Pre_5.G,Unit2_Pre_5.H,Unit2_Pre_5.I,Unit2_Pre_5.J,Unit2_Pre_5.K,Unit2_Pre_6.A,Unit2_Pre_6.B,Unit2_Pre_7.A,Unit2_Pre_7.B,Unit2_Pre_8.A,Unit2_Pre_8.B,Unit2_Post_1.A,Unit2_Post_1.B,Unit2_Post_1.C,Unit2_Post_1.D,Unit2_Post_1.E,Unit2_Post_1.F,Unit2_Post_2.A,Unit2_Post_2.B,Unit2_Post_3.A,Unit2_Post_3.B,Unit2_Post_3.C,Unit2_Post_3.D,Unit2_Post_4,Unit2_Post_5.A,Unit2_Post_5.B,Unit2_Post_5.C,Unit2_Post_5.D,Unit2_Post_5.E,Unit2_Post_5.F,Unit2_Post_5.G,Unit2_Post_5.H,Unit2_Post_5.I,Unit2_Post_5.J,Unit2_Post_5.K,Unit2_Post_6.A,Unit2_Post_6.B,Unit2_Post_7.A,Unit2_Post_7.B,Unit2_Post_8.A,Unit2_Post_8.B,Unit4_Pre_1.A,Unit4_Pre_1.B,Unit4_Pre_1.C,Unit4_Pre_1.D,Unit4_Pre_1.E,Unit4_Pre_1.F,Unit4_Pre_2.A,Unit4_Pre_2.B,Unit4_Pre_3.A,Unit4_Pre_3.B,Unit4_Pre_3.C,Unit4_Pre_3.D,Unit4_Pre_3.E,Unit4_Pre_3.F,Unit4_Pre_3.G,Unit4_Pre_3.H,Unit4_Pre_3.I,Unit4_Pre_3.J,Unit4_Pre_4.A,Unit4_Pre_4.B,Unit4_Pre_5.A,Unit4_Pre_5.B,Unit4_Post_1.A,Unit4_Post_1.B,Unit4_Post_1.C,Unit4_Post_1.D,Unit4_Post_1.E,Unit4_Post_3.A,Unit4_Post_3.B,Unit4_Post_3.C,Unit4_Post_3.D,Unit4_Post_3.E,Unit4_Post_3.F,Unit4_Post_3.G,Unit4_Post_3.H,Unit4_Post_3.I,Unit4_Post_3.J,Unit4_Post_4.A,Unit4_Post_4.B,Unit4_Post_5.A,Unit4_Post_5.B
444,TAF,2,tablet,Y,B,11,A,15,6,17,0,6,21,0,1958,495,98.38383838,84.76190476,3.80952381,11.42857143,105,0,0,1,1,1,1,0,0,0,1,0,0,0,0,0,0,0,0,1,0,0,0,0,0,0,0,0,0,0,0,0,1,1,1,1,1,1,1,1,1,0,1,0,0,0,1,1,1,1,1,1,1,0,0,0,0,0,0,0,0,1,0,0,1,1,0,1,1,0,0,0,0,0,0,0,0,0,0,0,1,0,0,1,1,1,1,0,1,1,1,1,1,1,1,1,1,1,1,1,1,1
445,TAF,2,tablet,Y,B,13,B,6,15,28,0,16,22,0,2701,575,100,90.74074074,2.777777778,6.481481481,108,1,1,1,1,1,1,1,1,1,1,1,1,1,0,0,0,0,0,0,0,0,0,0,0,1,1,0,0,0,0,1,1,1,1,1,1,1,1,1,1,1,1,1,1,1,1,1,1,1,1,1,1,0,0,1,1,1,1,1,1,1,1,1,1,1,1,1,1,1,1,1,1,1,0,0,0,0,0,1,1,1,0,1,1,1,1,1,1,1,1,1,1,1,1,1,1,1,1,1,1,1
446,TAF,2,tablet,Y,B,10,A,4,16,26,0,18,22,0,2496,498,99.19678715,86.23853211,7.339449541,6.422018349,109,1,1,1,1,1,1,1,1,1,1,1,1,1,0,0,0,0,0,1,0,0,0,0,0,1,0,0,1,0,0,1,1,1,1,1,1,1,1,1,1,1,1,1,1,1,1,1,1,1,1,1,1,1,1,0,0,1,1,0,0,1,1,1,0,0,0,1,1,1,1,1,1,1,1,1,1,1,0,1,1,1,1,1,1,1,1,1,1,1,1,1,1,1,1,1,1,1,1,1,1,1
447,TAF,2,tablet,Y,B,13,B,12,15,28,0,10,22,3,2501,440,97.72727273,90.56603774,1.886792453,7.547169811,106,1,0,1,1,1,1,1,1,1,1,1,1,0,0,0,0,0,0,0,0,0,0,0,0,1,1,1,1,0,0,1,1,1,1,1,1,1,1,1,1,1,1,1,1,1,1,1,1,1,1,1,1,1,1,1,1,1,1,0,0,1,1,1,0,1,0,1,1,0,0,1,1,1,0,0,0,0,0,0,1,0,0,1,1,1,1,1,1,1,1,1,1,1,1,1,1,1,1,1,1,1
448,TAF,2,tablet,Y,A,15,B,6,15,30,0,16,22,1,2789,530,98.86792453,91.58878505,0.934579439,7.476635514,107,1,1,1,1,1,1,1,1,1,1,1,1,1,0,0,0,0,0,0,0,0,0,0,0,1,1,0,0,0,0,1,1,1,1,1,1,1,1,1,1,1,1,1,1,1,1,1,1,1,1,1,1,1,1,1,1,1,1,1,1,1,1,1,0,0,0,1,1,1,1,1,1,1,1,0,0,1,0,1,1,1,1,1,1,1,1,1,1,1,1,1,1,1,1,1,1,1,1,1,1,1
449,TAF,2,tablet,,B,2,B,4,10,12,0,4,8,8,1153,212,97.64150943,59.25925926,14.81481481,25.92592593,108,0,0,1,1,1,1,1,0,1,1,1,1,0,0,0,0,0,0,0,0,0,0,0,0,1,0,0,0,0,0,1,1,1,1,1,1,1,1,1,1,1,1,0,0,0,0,0,0,0,0,0,0,0,0,0,0,0,0,0,0,0,0,0,0,0,0,0,0,0,0,0,0,0,1,0,1,0,0,0,1,1,0,1,1,1,0,0,0,0,1,0,1,1,0,0,0,0,0,0,1,1
450,TAF,2,tablet,,A,6,B,12,7,13,0,7,19,0,1485,282,94.68085106,86.11111111,7.407407407,6.481481481,108,0,0,1,1,1,1,0,0,1,1,1,0,0,0,0,0,0,0,0,0,0,0,0,0,0,0,0,0,0,0,1,1,1,1,1,1,0,0,1,1,1,1,0,0,0,0,0,0,0,0,0,0,0,0,1,1,0,0,1,0,0,0,0,0,0,0,1,1,0,0,0,0,0,1,0,0,1,0,1,1,1,0,1,1,1,1,1,1,1,1,1,1,1,0,0,1,1,1,1,1,1
451,TAF,2,tablet,Y,B,3,A,9,6,9,0,3,12,4,1366,295,97.62711864,89.62264151,2.830188679,7.547169811,106,1,0,0,0,0,1,0,0,0,1,1,1,0,0,0,0,0,0,0,0,0,0,0,0,1,0,0,0,0,0,1,0,1,1,1,0,1,1,0,1,1,0,0,0,0,0,0,0,0,0,0,0,0,0,1,0,0,0,0,0,0,0,0,0,0,0,0,0,0,0,0,0,0,0,0,0,0,0,1,1,1,0,1,1,0,1,0,1,0,0,0,0,0,1,1,1,1,0,0,1,0
452,TAF,2,tablet,Y,A,16,A,10,10,26,0,8,18,1,1634,332,95.48192771,91.50943396,3.773584906,4.716981132,106,1,0,1,1,1,1,1,0,1,1,1,1,0,0,0,0,0,0,0,0,0,0,0,0,0,0,0,0,0,0,1,1,1,1,1,1,1,1,1,1,1,1,1,1,1,1,1,1,1,1,1,1,1,1,0,0,1,1,0,0,1,0,1,1,1,1,1,1,0,0,0,0,0,0,0,0,0,0,0,1,0,0,1,1,1,0,1,1,1,1,1,1,1,1,1,1,1,1,1,1,0
454,TAF,2,tablet,Y,B,12,A,3,10,22,0,19,22,0,2211,530,100,93.33333333,1.904761905,4.761904762,105,1,1,1,1,1,1,0,0,1,1,1,1,0,0,0,0,0,0,0,0,0,0,0,0,0,0,0,0,0,0,1,1,1,1,1,1,1,1,1,1,1,1,0,0,0,1,1,1,1,1,1,1,0,0,0,0,1,1,1,0,1,1,1,1,1,1,1,1,1,1,1,1,1,1,0,1,1,0,1,1,1,0,1,1,1,1,1,1,1,1,1,1,1,1,1,1,1,1,1,1,1
455,TAF,2,tablet,Y,A,-2,B,7,14,12,0,9,16,5,1369,339,86.72566372,87.61904762,9.523809524,2.857142857,105,1,1,1,1,1,1,1,1,1,1,1,1,0,0,0,0,0,0,0,0,0,0,0,0,0,0,1,1,0,0,1,1,1,1,0,1,1,1,1,1,1,0,0,0,0,0,0,0,0,0,0,0,0,0,0,0,1,1,0,0,1,1,1,0,1,0,1,1,0,0,0,0,0,0,1,0,1,0,0,1,0,0,1,1,1,1,1,1,1,0,1,0,1,1,0,0,1,1,1,0,0
456,TAF,2,tablet,Y,B,2,A,17,9,11,0,1,18,3,1067,220,96.36363636,86.66666667,12.38095238,0.952380952,105,0,0,1,1,1,1,0,0,1,1,1,1,0,0,0,0,0,0,0,0,0,0,0,0,1,0,0,0,0,0,1,1,1,1,1,1,1,0,1,1,1,1,0,0,0,0,0,0,0,0,0,0,0,0,0,0,0,0,0,0,0,1,0,0,0,0,0,0,0,0,0,0,0,0,0,0,0,0,0,0,0,0,1,1,1,1,1,1,1,1,1,1,1,1,1,1,1,0,0,0,0
457,TAF,2,tablet,Y,B,2,B,2,7,9,0,8,10,4,1287,287,93.728223,89.52380952,4.761904762,5.714285714,105,0,0,1,1,1,1,1,0,0,1,0,1,0,0,0,0,0,0,0,0,0,0,0,0,0,0,0,0,0,0,1,1,1,1,1,1,1,1,1,0,0,0,0,0,0,0,0,0,0,0,0,0,0,0,0,0,0,0,0,0,0,0,1,0,0,0,1,1,0,0,1,1,1,0,0,0,0,0,0,1,1,0,1,0,1,0,0,0,0,1,1,1,1,0,0,0,0,1,1,1,0
458,TAF,2,tablet,Y,A,3,B,11,10,13,0,4,15,2,1797,325,97.84615385,94.28571429,0,5.714285714,105,0,0,1,1,1,1,1,1,1,1,1,1,0,0,0,0,0,0,0,0,0,0,0,0,0,0,0,0,0,0,1,1,1,1,1,1,1,1,1,1,1,1,0,0,0,0,0,0,0,0,0,0,0,0,1,0,0,0,0,0,0,0,0,0,0,0,1,1,0,0,0,0,0,0,0,0,0,0,1,1,0,0,1,1,1,1,0,1,1,0,0,0,0,1,0,1,1,1,1,1,0
459,TAF,2,tablet,Y,B,2,A,12,8,10,0,3,15,2,1380,243,91.76954733,84.25925926,9.259259259,6.481481481,108,0,1,1,1,1,1,0,0,0,0,0,1,0,0,0,0,0,0,0,0,0,0,0,0,0,0,0,0,1,1,1,1,1,1,1,1,1,0,1,1,1,0,0,0,0,0,0,0,0,0,0,0,0,0,0,0,0,0,0,0,1,0,0,0,1,1,0,0,0,0,0,0,0,0,0,0,0,0,0,0,0,0,1,1,1,1,1,0,0,1,1,1,0,1,1,1,1,0,0,0,0
460,TAF,2,tablet,Y,B,0,A,-3,13,13,0,15,12,1,2485,488,100,82.0754717,3.773584906,14.1509434,106,1,1,1,1,1,1,1,1,1,1,1,1,0,0,0,0,0,0,0,0,0,0,0,0,1,0,0,0,0,0,1,1,1,1,1,1,1,1,1,1,1,1,1,0,0,0,0,0,0,0,0,0,0,0,0,0,0,0,0,0,1,1,1,1,1,1,1,1,1,1,1,0,0,0,0,1,1,0,1,1,0,0,1,1,1,0,0,1,1,1,1,1,0,0,0,0,0,1,0,1,0
461,TAF,2,tablet,Y,A,17,B,14,11,28,0,7,21,0,1818,374,97.05882353,96.19047619,0,3.80952381,105,1,1,1,1,1,1,1,1,1,1,1,0,0,0,0,0,0,0,0,0,0,0,0,0,0,0,0,0,0,0,1,1,1,1,1,1,1,1,1,1,1,1,1,1,1,1,1,1,1,1,1,1,1,1,1,1,0,0,1,1,1,0,1,0,0,0,1,1,0,0,0,0,0,0,0,0,0,0,0,1,1,1,1,1,1,1,1,1,1,1,1,1,1,1,1,1,1,1,1,0,1
462,TAF,2,tablet,Y,B,10,A,12,13,23,0,10,22,1,2138,438,98.40182648,93.45794393,0.934579439,5.607476636,107,1,1,1,1,1,1,1,0,1,1,1,1,0,0,0,0,0,0,0,0,0,0,0,0,1,1,0,0,0,0,1,1,1,1,1,1,1,1,1,1,1,1,0,0,0,1,1,1,1,1,1,1,0,0,1,1,1,1,0,0,1,1,1,1,1,1,1,1,0,0,0,0,0,0,0,0,0,0,1,1,0,0,1,1,1,1,1,1,1,1,1,1,1,1,1,1,1,1,1,1,1
463,TAF,2,tablet,Y,A,7,A,10,11,18,0,10,20,0,2231,417,97.84172662,91.42857143,2.857142857,5.714285714,105,1,1,1,1,1,1,1,0,1,1,1,1,0,0,0,0,0,0,0,0,0,0,0,0,0,0,0,0,0,0,1,1,1,1,1,1,1,1,1,1,1,1,1,0,0,0,0,0,0,0,0,0,0,0,1,1,1,1,1,0,0,0,0,1,0,1,0,0,0,1,1,1,1,0,0,1,1,0,1,1,0,0,1,1,1,0,1,1,1,1,1,1,1,1,1,1,1,1,1,0,1
464,TAF,2,tablet,Y,A,6,B,11,10,16,0,8,19,1,1650,374,97.32620321,84.25925926,9.259259259,6.481481481,108,0,0,1,1,1,1,1,1,1,1,1,1,0,0,0,0,0,0,0,0,0,0,0,0,0,0,0,0,0,0,1,1,1,1,1,1,1,1,1,1,1,1,0,0,0,0,0,0,0,0,0,0,0,0,1,1,0,0,1,1,1,1,0,0,0,0,1,1,0,0,0,0,0,0,0,0,0,0,1,1,1,1,1,1,1,1,1,0,1,1,1,1,1,1,1,0,0,1,1,1,1
465,TAF,2,tablet,Y,A,4,A,7,8,12,0,4,11,2,1926,353,97.73371105,89.81481481,2.777777778,7.407407407,108,0,0,1,1,1,1,0,0,0,1,0,1,0,0,0,0,0,0,0,0,0,0,0,0,0,0,1,1,0,0,1,1,1,1,0,1,1,1,0,1,1,1,1,0,0,0,0,0,0,0,0,0,0,0,1,0,0,0,0,0,0,1,1,0,0,0,1,0,0,0,0,0,0,0,0,0,0,0,0,1,0,0,1,1,1,0,0,0,0,0,0,0,1,0,0,1,1,1,1,0,0
466,TAF,2,tablet,Y,A,-1,B,1,6,5,0,5,6,6,1273,231,94.37229437,89.71962617,6.542056075,3.738317757,107,0,1,1,1,0,0,0,0,0,0,0,1,0,0,0,0,0,0,0,0,0,0,0,0,0,0,1,1,0,0,1,0,1,0,1,0,0,0,0,0,0,1,0,0,0,0,0,0,0,0,0,0,0,0,1,0,0,0,0,0,0,0,0,0,0,0,1,1,0,0,1,1,1,0,0,0,0,0,0,0,0,0,1,1,1,0,1,0,0,0,0,0,1,0,1,0,0,0,0,0,0
467,TAF,2,tablet,Y,A,1,A,6,12,13,0,9,15,3,1372,246,91.05691057,91.50943396,4.716981132,3.773584906,106,1,1,1,1,1,1,0,0,1,1,1,1,0,0,0,0,0,0,0,0,0,0,0,0,0,0,1,1,0,0,1,1,1,1,1,1,1,1,1,1,1,0,0,0,0,0,0,0,0,0,0,0,0,0,1,1,0,0,0,0,1,1,1,0,0,1,1,1,1,0,0,0,0,0,0,0,0,0,0,1,1,0,1,1,1,1,1,1,1,0,0,0,0,0,0,1,1,1,1,1,0
469,TAF,2,tablet,Y,B,0,B,16,13,13,0,3,19,3,1493,348,94.82758621,87.96296296,5.555555556,6.481481481,108,1,1,1,1,1,1,1,1,1,1,1,1,1,0,0,0,0,0,0,0,0,0,0,0,0,0,0,0,0,0,1,1,1,1,1,1,1,1,1,1,1,1,0,0,0,0,0,0,0,0,0,0,0,0,1,0,0,0,0,0,0,1,1,0,0,0,0,0,0,0,0,0,0,0,0,0,0,0,0,1,0,0,1,1,1,1,1,1,1,1,1,1,1,1,1,1,0,1,1,0,0
5201,TAF,1,paper,Y,A,8,A,9,11,19,0,7,16,3,369,232,93.53448276,86.66666667,10.37037037,2.962962963,135,0,0,1,1,1,1,1,1,1,1,1,1,0,0,0,0,0,0,0,0,0,0,0,0,0,0,0,0,1,0,0,1,1,1,1,1,1,1,1,1,1,1,0,0,0,1,1,1,1,1,1,1,0,0,1,0,0,0,0,0,0,0,0,0,0,0,0,0,0,0,1,1,1,1,0,0,0,0,0,1,1,1,1,1,1,0,1,1,1,1,1,1,1,1,1,1,1,0,0,1,0
5202,TAF,1,paper,Y,A,null,A,10,6,,0,7,17,2,392,225,89.33333333,93.58974359,6.41025641,0,78,0,0,1,1,1,0,0,1,1,1,0,0,0,0,0,0,0,0,0,0,0,0,0,0,0,0,0,0,0,0,,,,,,,,,,,,,,,,,,,,,,,,,,,,,,,0,1,1,1,0,1,0,0,0,0,0,0,0,0,0,1,1,0,0,0,1,0,1,1,1,1,1,0,0,0,0,0,1,1,1,1,1,1,1,1,1
5203,TAF,1,paper,Y,B,4,B,3,6,10,0,1,4,1,267,207,73.42995169,76.19047619,1.360544218,22.44897959,147,0,0,1,1,1,1,0,0,0,0,0,1,1,0,0,0,0,0,0,0,0,0,0,0,0,0,0,0,0,0,1,1,1,1,1,1,0,0,1,0,1,0,0,0,0,0,0,0,0,0,0,0,0,0,0,0,1,1,0,0,0,0,0,0,0,0,1,0,0,0,0,0,0,0,0,0,0,0,0,0,0,0,0,0,0,0,0,0,0,1,1,1,0,0,0,0,0,0,0,0,0
5204,TAF,1,paper,Y,B,5,B,12,12,17,0,9,21,2,375,284,84.50704225,95.94594595,0.675675676,3.378378378,148,0,0,1,1,1,1,1,1,1,1,1,1,0,0,0,0,0,0,0,0,0,0,0,0,0,0,1,1,0,0,0,1,1,1,1,1,1,1,0,1,0,0,0,0,0,1,1,1,1,1,1,1,0,0,0,0,1,1,0,0,1,1,1,0,1,0,0,0,0,0,1,1,1,0,0,0,0,0,0,1,1,0,1,1,1,1,1,1,1,1,1,1,1,1,1,1,1,1,1,1,0
5205,TAF,1,paper,Y,B,1,B,2,10,11,0,6,8,3,410,234,90.17094017,89.79591837,6.12244898,4.081632653,147,0,1,1,1,1,0,1,1,0,1,0,1,0,0,0,0,0,0,0,0,0,0,0,0,0,0,1,1,0,0,1,1,1,1,1,1,1,1,1,1,1,0,0,0,0,0,0,0,0,0,0,0,0,0,0,0,0,0,0,0,0,0,0,0,0,0,0,0,0,0,1,1,1,1,0,1,1,0,0,0,0,0,1,1,1,1,0,0,0,0,0,0,1,0,0,0,0,0,0,0,0
5206,TAF,1,paper,Y,A,-1,A,6,5,4,0,3,9,2,324,208,62.98076923,89.86486486,5.405405405,4.72972973,148,1,0,1,0,1,0,0,0,0,0,0,1,0,0,0,0,0,0,0,0,0,0,0,0,1,0,0,0,0,0,0,0,0,1,1,0,0,0,0,0,0,1,0,0,0,0,0,0,0,0,0,0,0,0,0,0,0,0,1,0,0,0,1,0,0,0,0,0,0,0,1,1,0,0,0,0,0,0,0,0,0,0,1,0,1,0,0,0,0,0,0,0,0,1,0,1,1,1,0,1,0
5207,TAF,1,paper,Y,A,8,A,null,17,25,0,16,,2,395,316,95.25316456,91.83673469,0,8.163265306,147,1,1,1,1,1,1,1,1,1,1,1,1,0,0,0,0,0,0,0,0,0,0,0,0,1,0,1,1,1,1,1,1,1,1,1,1,1,1,1,1,1,1,0,0,0,1,1,1,1,1,1,1,0,0,1,1,1,1,1,1,1,1,1,1,1,1,1,1,1,1,0,0,0,0,1,0,1,0,1,1,1,1,Pre-test only,,,,,,,,,,,,,,,,,,
5208,TAF,1,paper,Y,B,10,A,12,17,27,0,8,20,1,400,318,93.71069182,50.67567568,0.675675676,48.64864865,148,1,1,1,1,1,1,1,1,1,1,1,1,1,0,0,0,0,1,0,0,0,0,0,0,0,0,1,1,1,0,1,1,1,1,1,1,1,1,1,1,1,1,1,1,1,1,1,1,1,1,1,0,1,1,1,1,0,0,1,1,1,1,1,0,0,0,1,1,0,0,0,0,0,0,0,0,0,0,1,1,1,0,1,1,1,1,1,1,1,1,1,1,1,1,1,1,1,1,0,1,0
5209,TAF,1,paper,Y,B,0,A,5,13,13,0,12,17,1,398,262,91.98473282,51.35135135,1.351351351,47.2972973,148,1,1,1,1,1,1,1,0,1,1,1,1,0,0,0,0,0,0,0,0,0,0,0,0,1,1,0,0,0,0,1,1,1,1,1,1,1,1,1,1,1,1,1,0,0,0,0,0,0,0,0,0,0,0,0,0,0,0,0,0,1,1,1,1,0,0,1,1,0,0,1,1,1,1,0,0,0,0,0,0,1,1,1,1,1,1,0,1,0,1,1,1,1,1,1,0,0,1,1,1,0
5210,TAF,1,paper,Y,B,9,A,3,18,27,0,19,22,3,393,251,96.41434263,84.56375839,12.08053691,3.355704698,149,1,1,1,1,1,1,1,1,1,1,1,1,1,0,0,0,0,0,0,0,0,0,0,0,1,1,1,1,1,0,1,1,1,1,1,1,1,1,1,1,1,1,1,1,1,1,1,1,1,1,1,1,1,1,0,0,1,1,1,0,1,1,1,1,1,1,0,0,1,1,1,1,1,1,0,1,1,1,1,1,1,1,1,1,1,1,1,1,1,1,1,1,1,1,1,1,1,1,1,1,1
5211,TAF,1,paper,Y,B,-1,A,8,11,10,0,5,13,3,319,248,86.29032258,76.8707483,17.00680272,6.12244898,147,0,0,1,1,1,0,1,0,1,1,1,1,0,0,0,0,0,0,0,0,0,0,0,0,1,0,0,0,1,1,1,1,1,1,1,1,0,0,1,1,1,1,0,0,0,0,0,0,0,0,0,0,0,0,0,0,0,0,0,0,1,1,1,0,0,1,0,0,0,0,0,0,0,0,0,0,0,0,0,0,1,0,1,1,1,0,1,0,0,1,1,1,1,0,0,0,0,,1,0,1
5212,TAF,1,paper,Y,A,null,,null,14,,0,,10,1,312,158,84.17721519,96.92307692,0,3.076923077,65,1,1,1,1,1,1,1,1,1,1,1,1,0,0,0,0,0,0,0,0,0,0,0,0,1,0,0,0,1,0,,,,,,,,,,,,,,,,,,,,,,,,,,,,,,,,,,,,,,,,,,,,,,,,,,,,,1,1,0,0,0,1,1,1,1,1,1,0,0,1,1,0,0,0,0
5213,TAF,1,paper,Y,B,-1,A,12,15,14,0,9,21,0,406,228,96.49122807,90.60402685,6.040268456,3.355704698,149,1,1,1,1,1,1,1,1,1,1,1,1,0,0,0,0,0,0,0,0,0,0,0,0,0,0,1,1,1,0,1,1,1,1,1,1,1,1,1,1,1,1,0,0,0,0,0,0,0,0,0,0,0,0,0,0,1,1,0,0,1,1,1,0,0,1,0,0,0,0,1,1,1,0,0,0,0,0,1,1,0,0,1,1,1,1,1,1,1,1,1,1,1,1,1,1,1,1,1,1,0
5214,TAF,1,paper,Y,A,3,B,-2,10,13,0,8,6,8,326,181,72.37569061,63.94557823,29.25170068,6.802721088,147,1,1,1,1,1,1,0,1,1,1,1,0,0,0,0,0,0,0,0,0,0,0,0,0,0,0,0,0,0,0,1,1,1,1,1,1,1,1,1,1,1,1,0,0,0,0,0,0,0,0,0,0,0,0,1,0,0,0,0,0,0,1,1,1,1,0,1,1,0,0,0,1,0,0,0,0,0,1,0,0,0,0,1,1,1,0,0,0,0,0,0,0,0,0,1,0,0,0,0,0,0
5215,TAF,1,paper,Y,A,3,B,13,11,14,0,7,20,2,396,300,88,85.71428571,6.12244898,8.163265306,147,0,0,1,1,1,1,1,1,1,1,1,1,0,0,0,0,0,0,0,0,0,0,0,0,0,0,1,0,0,0,1,1,1,1,1,1,1,1,1,1,1,1,1,0,0,0,0,0,0,0,0,0,0,0,1,0,0,0,0,0,1,1,1,0,0,1,0,0,0,0,0,0,0,1,0,0,0,0,0,1,1,0,1,1,1,1,1,1,1,1,1,1,1,0,0,1,1,1,1,1,1
5216,TAF,1,paper,Y,A,4,B,3,13,17,0,18,21,1,410,364,89.28571429,94.55782313,2.721088435,2.721088435,147,0,1,1,1,1,1,1,1,1,1,1,1,0,0,0,0,0,0,0,0,0,0,0,0,0,0,1,1,0,0,1,1,1,1,1,1,1,1,1,1,1,1,1,0,0,0,0,0,0,0,0,0,0,0,1,1,1,1,0,0,1,1,1,1,1,1,1,1,1,1,1,1,1,1,0,0,1,0,1,1,1,0,1,1,1,1,1,1,1,1,1,1,1,1,1,1,1,1,1,0,1
5217,TAF,1,paper,Y,A,5,A,11,8,13,0,9,20,0,390,254,92.12598425,87.83783784,4.72972973,7.432432432,148,0,0,1,1,1,1,1,0,0,0,0,1,0,0,0,0,0,0,0,0,0,0,0,0,0,0,1,1,0,0,1,1,1,1,1,1,1,1,1,1,1,1,0,0,0,0,0,0,0,0,0,0,0,0,1,0,0,0,0,0,1,0,1,0,0,0,0,0,0,0,1,1,1,1,0,1,0,0,1,1,0,0,1,1,1,0,0,1,1,1,1,1,1,1,1,1,1,1,1,1,1
5218,TAF,1,paper,Y,B,2,A,7,12,14,0,6,13,2,347,271,85.2398524,88.43537415,5.442176871,6.12244898,147,0,0,1,1,1,1,1,1,1,1,1,1,0,0,0,0,0,0,0,0,0,0,0,0,0,0,0,0,1,1,1,1,1,1,1,1,1,1,1,1,1,1,0,0,0,0,0,0,0,0,0,0,0,0,0,0,1,1,0,0,1,1,1,0,0,0,0,0,0,0,0,0,0,0,0,0,0,0,1,1,1,0,1,1,1,1,1,0,0,1,1,1,1,0,0,0,0,1,1,1,0
5219,TAF,1,paper,Y,A,6,A,13,13,19,0,9,22,1,411,317,95.2681388,95.27027027,0.675675676,4.054054054,148,1,1,1,1,1,1,1,1,1,1,1,0,0,0,0,0,0,0,0,0,0,0,0,0,0,0,1,1,0,0,1,1,1,1,1,1,1,1,1,1,1,1,0,0,0,1,0,0,0,0,0,0,0,0,1,1,1,1,1,1,1,0,1,0,1,1,0,0,0,0,0,0,0,1,0,1,0,1,1,1,0,0,1,1,1,1,1,1,1,1,1,1,1,1,1,1,1,1,1,1,1
5220,TAF,1,paper,Y,B,8,B,6,12,20,0,8,14,4,373,341,90.61583578,91.15646259,4.761904762,4.081632653,147,0,0,1,1,1,1,0,1,1,1,1,1,1,0,0,0,0,0,0,0,0,0,0,0,0,0,1,1,0,0,1,1,1,1,1,1,1,0,1,1,1,1,1,1,1,0,0,0,0,0,0,0,1,1,0,0,1,1,1,1,1,0,1,0,0,0,1,0,0,0,1,1,1,1,0,0,0,0,0,1,0,0,1,1,1,1,0,0,0,1,1,1,0,0,0,1,1,1,1,1,0
5221,TAF,1,paper,Y,B,-3,B,12,16,13,0,9,21,2,370,219,89.49771689,91.15646259,6.12244898,2.721088435,147,1,1,1,1,1,1,1,1,1,1,1,1,0,0,0,0,0,0,0,0,0,0,0,0,1,0,1,1,1,0,1,1,1,1,1,1,1,1,1,1,1,0,0,0,0,0,0,0,0,0,0,0,0,0,0,0,1,1,0,0,1,0,1,0,0,0,1,1,0,0,1,1,1,0,0,0,1,0,0,0,1,0,1,1,1,1,0,1,1,1,1,1,1,1,1,1,1,1,1,1,1
5222,TAF,1,paper,Y,B,6,B,7,8,14,0,3,10,1,402,313,81.78913738,91.15646259,4.761904762,4.081632653,147,0,0,1,0,1,0,1,0,1,1,1,0,0,0,0,0,0,0,0,0,0,0,0,0,1,1,0,0,0,0,1,1,1,1,1,1,0,0,1,1,1,0,0,0,0,0,0,0,0,0,0,0,0,0,1,1,1,1,1,0,0,1,0,0,0,0,1,1,0,0,0,0,0,0,0,0,0,0,0,0,0,0,1,1,1,1,0,0,0,0,0,0,1,0,0,1,1,0,0,0,0
5223,TAF,1,paper,Y,B,2,B,15,12,14,0,5,20,0,418,337,84.86646884,95.23809524,1.360544218,3.401360544,147,1,1,1,1,1,1,1,0,1,1,1,0,1,0,0,0,0,0,0,0,0,0,0,0,1,0,0,0,0,0,1,1,1,1,1,1,1,1,1,1,1,1,0,0,0,0,0,0,0,0,0,0,0,0,0,0,1,1,0,0,0,0,1,0,0,0,0,0,0,0,0,0,0,1,0,0,0,0,1,1,1,0,1,1,1,1,0,1,1,1,1,1,1,1,1,1,1,1,1,1,1
5224,TAF,1,paper,Y,A,12,B,12,10,22,0,9,21,0,364,341,87.39002933,91.15646259,4.081632653,4.761904762,147,1,1,1,1,1,1,0,0,1,1,1,1,0,0,0,0,0,0,0,0,0,0,0,0,0,0,0,0,0,0,0,0,1,1,1,1,1,1,1,1,1,1,1,1,1,1,1,1,1,1,1,1,1,1,0,0,0,0,0,0,1,1,1,1,1,1,0,0,0,0,0,0,0,0,0,0,0,0,0,1,1,1,1,1,1,1,1,1,1,1,1,1,1,1,1,1,1,1,1,0,1
344,South Shore,1,tablet,,A,12,A,5,12,24,0,13,18,0,1226,520,98.65384615,69.29133858,4.724409449,25.98425197,127,1,1,1,1,1,1,1,1,1,1,1,1,0,0,0,0,0,0,0,0,0,0,0,0,0,0,0,0,0,0,1,1,1,1,1,1,1,1,1,1,1,1,0,1,1,1,1,1,1,1,1,1,1,1,0,0,0,0,1,0,0,1,0,0,0,0,1,1,1,0,1,1,1,1,0,0,1,1,1,1,0,1,1,1,1,1,1,1,1,1,1,1,0,0,0,1,1,1,1,1,0
345,South Shore,1,tablet,y,A,7.5,A,3,3,10.5,0,4,7,3,894,478,89.53974895,96.06299213,1.57480315,2.362204724,127,1,0,0,0,1,0,0,0,0,0,0,0,1,0,0,0,0,0,0,0,0,0,0,0,0,0,0,0,0,0,1,1,1,1,1,1,0,0,1,0,1,1,0.5,0,0,0,0,0,0,0,0,0,0,0,1,0,0,0,0,0,0,0,0,0,0,0,1,1,0,0,0,0,0,0,0,0,0,0,1,0,1,0,0,1,0,0,0,0,0,1,1,1,0,0,0,1,0,0,0,1,0
346,South Shore,1,tablet,y,A,5.5,B,-3,11,16.5,0,9,6,4,603,366,94.80874317,78.74015748,11.81102362,9.448818898,127,0,1,1,1,1,1,1,1,1,1,1,0,0,0,0,0,0,0,0,0,0,0,0,0,1,0,0,0,0,0,0,1,1,1,1,1,1,1,1,1,1,1,0.5,1,1,0,0,0,0,0,0,0,1,1,0,0,0,0,1,0,1,1,1,0,0,0,0,0,0,0,1,1,1,1,0,0,1,0,0,0,1,0,1,1,1,0,1,0,0,0,0,0,0,0,1,0,0,0,0,0,0
347,South Shore,1,tablet,y,B,3,B,-3,5,8,0,6,3,0,653,339,87.31563422,46.51162791,2.325581395,51.1627907,129,0,0,1,1,1,0,0,0,0,0,0,1,0,0,0,0,0,0,0,0,0,0,0,0,0,0,1,0,0,0,0,0,1,1,1,1,1,1,0,1,1,0,0,0,0,0,0,0,0,0,0,0,0,0,0,0,0,0,0,0,0,0,0,0,0,0,1,1,0,0,1,1,1,0,1,0,0,0,0,0,0,0,0,0,1,0,0,0,0,1,1,0,0,0,0,0,0,0,0,0,0
348,South Shore,1,tablet,,A,12,A,9,12,24,0,8,17,1,1190,446,98.87892377,69.76744186,10.85271318,19.37984496,129,1,1,1,1,1,1,1,1,1,1,1,1,0,0,0,0,0,0,0,0,0,0,0,0,0,0,0,0,0,0,1,1,1,1,1,0,1,1,1,1,1,1,1,1,1,1,1,1,1,1,1,1,1,1,0,0,0,0,1,0,1,1,1,1,1,1,1,1,0,0,0,0,0,0,0,0,0,0,0,0,0,0,1,1,1,1,0,1,1,1,1,1,1,1,1,1,1,0,0,0,0
350,South Shore,1,tablet,y,A,6.5,,null,7,13.5,0,,3,0,810,388,93.29896907,40.31007752,7.751937984,51.9379845,129,1,0,1,1,1,1,0,0,0,0,0,1,0,0,0,0,0,0,0,0,0,0,0,0,1,0,0,0,0,0,1,1,1,1,1,1,0.5,1,0,0,0,1,0,0,0,0,0,0,0,0,0,0,1,1,1,1,0,0,1,0,,,,,,,,,,,,,,,,,,,,,,,0,0,0,0,0,0,0,0,0,0,0,0,0,0,0,1,0,0,0
351,South Shore,1,tablet,,B,11,A,0,8,19,0,16,16,0,1243,508,98.42519685,94.48818898,4.724409449,0.787401575,127,0,0,1,1,1,0,1,0,0,1,1,1,1,0,0,0,0,0,0,0,0,0,0,0,0,0,0,0,0,0,1,1,1,1,1,1,1,1,1,1,1,1,0,1,1,0,0,0,0,0,0,0,1,1,0,0,1,1,1,0,1,1,1,1,1,1,1,1,0,0,1,1,1,1,0,0,0,0,1,1,1,1,1,1,1,0,0,1,1,1,1,1,0,1,0,1,1,0,0,1,1
352,South Shore,1,tablet,,A,4,A,-3,9,13,0,16,13,4,783,427,91.80327869,83.46456693,12.5984252,3.937007874,127,0,1,0,0,0,1,1,1,0,0,1,1,0,0,0,0,0,0,0,0,0,0,0,0,1,0,1,1,0,0,1,0,1,0,1,1,1,1,0,0,0,1,0,0,0,0,0,0,0,0,0,0,1,1,1,1,1,1,0,0,1,1,0,0,1,0,1,,10,0,0,0,0,0,0,0,1,0,1,0,0,0,1,1,1,0,1,1,1,1,1,1,0,0,0,1,1,0,0,0,0
353,South Shore,1,tablet,,A,-2,B,-2,9,7,0,6,4,7,487,247,90.68825911,82.67716535,0.787401575,16.53543307,127,1,0,1,0,1,0,1,1,1,0,0,0,0,0,0,0,0,0,0,0,0,0,0,0,1,0,1,1,0,0,0,1,1,1,0,1,1,1,0,0,0,0,0,0,0,0,0,0,0,0,0,0,0,0,1,0,0,0,0,0,1,0,0,0,0,0,1,1,0,0,0,0,0,1,0,0,1,1,0,0,0,0,1,1,1,0,0,0,0,0,0,0,0,0,0,0,0,0,0,0,0
354,South Shore,1,tablet,y,A,15,B,13,5,20,0,2,15,0,642,403,95.2853598,93.79844961,5.426356589,0.775193798,129,0,0,1,0,1,0,0,1,0,0,0,1,0,0,0,0,0,0,0,0,0,0,0,0,1,0,0,0,0,0,1,1,1,1,1,1,0,1,0,0,0,1,0,1,1,1,1,1,1,1,1,1,1,1,0,1,0,0,0,0,0,1,0,0,0,0,0,0,0,0,0,0,0,0,0,0,0,0,1,0,0,0,1,1,1,0,0,1,1,1,1,1,1,0,0,1,1,1,1,1,0
355,South Shore,1,tablet,y,A,4.5,A,9,11,15.5,0,10,19,1,766,427,96.2529274,96.06299213,3.149606299,0.787401575,127,0,0,1,1,1,1,1,1,1,1,1,1,0,0,0,0,0,0,0,0,0,0,0,0,1,0,0,0,0,0,1,1,1,1,1,1,0,0,1,1,1,1,0.5,0,0,0,0,0,0,0,0,0,0,0,1,0,1,1,1,1,1,1,1,0,0,0,0,0,0,0,1,1,1,1,0,0,0,0,1,1,1,0,1,1,1,1,0,1,1,1,1,1,1,1,1,1,1,1,1,1,0
356,South Shore,1,tablet,,A,14,A,5,13,27,0,17,22,1,818,492,96.95121951,87.4015748,11.02362205,1.57480315,127,1,1,1,1,1,1,1,1,1,1,1,1,0,0,0,0,0,0,0,0,0,0,0,0,1,0,0,0,0,0,0,1,1,1,1,1,1,1,1,1,1,1,1,1,1,1,1,1,1,1,1,1,1,1,1,1,1,1,0,0,1,1,1,1,1,0,1,1,1,1,1,1,1,0,0,1,0,0,1,1,1,1,1,1,1,1,1,1,1,1,1,1,1,1,1,1,1,1,1,1,1
357,South Shore,1,tablet,y,A,14,B,4,4,18,0,5,9,0,864,466,89.48497854,94.48818898,5.511811024,0,127,0,0,1,1,0,1,0,0,0,1,0,0,0,0,0,0,0,0,0,0,0,0,0,0,0,0,0,0,0,0,1,0,1,0,1,1,1,1,1,1,1,1,1,0,0,0,0,0,0,0,0,0,1,1,1,0,1,1,1,1,1,1,1,0,0,0,0,0,0,0,0,0,1,0,0,0,1,0,0,0,0,0,1,1,1,0,1,0,0,0,0,0,1,1,1,1,1,0,0,0,0
358,South Shore,1,tablet,y,A,10,B,5,13,23,0,13,18,1,1029,498,99.19678715,82.17054264,11.62790698,6.201550388,129,1,1,1,1,0,1,1,1,1,1,1,1,0,0,0,0,0,0,0,0,0,0,0,0,1,0,0,0,1,0,1,1,1,1,1,1,1,1,1,1,1,1,1,1,1,1,1,1,1,1,1,1,1,0,0,0,0,0,0,0,0,1,1,1,1,1,0,0,1,1,1,1,1,0,0,0,1,1,0,0,1,0,1,1,1,1,1,1,1,1,1,1,1,1,1,1,1,0,0,1,1
359,South Shore,1,tablet,y,B,16,B,-1,7,23,0,22,21,0,1131,524,99.61832061,96.06299213,2.362204724,1.57480315,127,0,0,1,1,1,1,1,1,0,0,0,1,0,0,0,0,0,0,0,0,0,0,0,0,0,0,0,0,0,0,1,1,1,1,1,1,1,1,1,1,1,1,0,1,1,1,1,1,1,1,1,1,1,1,0,0,0,0,0,0,1,1,1,1,1,1,1,1,1,1,1,1,1,1,1,1,1,1,1,1,1,1,1,1,1,1,1,1,1,1,1,1,1,1,1,1,1,1,1,1,0
360,South Shore,1,tablet,y,B,11,A,11,12,23,0,5,16,2,888,500,92.8,81.88976378,13.38582677,4.724409449,127,1,1,1,1,1,1,1,0,1,1,1,1,0,0,0,0,0,0,0,0,0,0,0,0,1,0,0,0,0,0,1,1,1,1,1,1,1,1,1,1,1,1,0,1,1,1,1,1,1,1,1,1,1,1,0,0,0,0,0,0,0,1,0,0,0,0,1,0,0,0,0,0,0,0,0,0,0,0,1,1,1,0,1,1,1,1,0,1,1,1,1,1,1,1,1,1,1,0,0,0,0
361,South Shore,1,tablet,,B,8,B,7,8,16,0,13,20,1,1360,573,99.65095986,93.79844961,3.100775194,3.100775194,129,0,0,0,1,1,1,1,1,0,1,1,0,0,0,0,0,0,0,0,0,0,0,0,0,0,0,0,0,1,0,1,1,1,1,1,1,1,1,1,1,1,1,0,0,1,0,0,0,0,0,0,0,0,1,0,0,0,0,1,1,1,1,1,1,0,1,1,1,0,0,1,1,1,1,0,0,0,0,1,1,0,0,1,1,1,1,0,1,1,1,1,1,1,1,1,1,1,1,1,1,0
362,South Shore,1,tablet,,A,null,,,6,,0,,,0,52,55,87.27272727,90,3.333333333,6.666666667,30,1,0,1,0,1,0,0,1,0,0,0,0,0,0,0,0,0,0,0,0,0,0,0,0,0,0,1,1,0,0,,,,,,,,,,,,,,,,,,,,,,,,,,,,,,,,,,,,,,,,,,,,,,,,,,,,,,,,,,,,,,,,,,,,,,,
363,South Shore,1,tablet,y,A,1,A,8,12,13,0,13,21,0,1067,514,99.22178988,66.14173228,4.724409449,29.13385827,127,1,1,1,1,1,1,0,0,1,1,1,1,0,0,0,0,0,0,0,0,0,0,0,0,0,0,1,1,0,0,1,1,1,1,1,1,1,1,1,1,1,1,1,0,0,0,0,0,0,0,0,0,0,0,0,0,0,0,0,0,1,1,1,0,1,1,0,0,0,0,1,1,1,1,1,1,0,0,1,1,0,0,1,1,1,1,1,1,1,1,1,1,1,1,1,1,1,1,1,1,0
364,South Shore,1,tablet,y,B,10,B,2,18,28,0,15,17,0,911,551,99.09255898,86.04651163,10.07751938,3.875968992,129,1,1,1,1,1,1,1,1,1,1,1,1,1,0,0,0,0,0,0,0,0,0,0,0,1,0,1,1,1,1,1,1,1,1,1,1,0,1,1,1,1,1,1,1,1,1,1,1,1,1,1,1,1,1,1,1,1,1,1,0,1,1,1,1,1,1,0,0,1,1,1,1,1,0,0,0,1,0,1,1,1,0,1,1,1,0,1,1,1,1,1,1,1,1,1,1,1,0,0,1,0
365,South Shore,1,tablet,,B,6.5,B,4,12,18.5,0,15,19,2,1083,488,98.56557377,90.5511811,7.086614173,2.362204724,127,1,1,1,1,1,1,1,0,1,1,1,1,0,0,0,0,0,0,0,0,0,0,0,0,1,0,0,0,0,0,0,1,1,1,1,1,1,1,1,1,1,1,0.5,1,1,0,0,0,0,0,0,1,1,1,1,0,0,0,1,0,1,1,1,1,1,1,1,1,0,1,1,1,1,0,0,0,1,1,1,0,0,0,1,1,1,1,1,1,1,1,1,1,1,1,1,1,1,0,0,1,0
366,South Shore,1,tablet,,A,4,A,2,8,12,0,4,6,2,866,407,85.25798526,86.04651163,10.07751938,3.875968992,129,1,1,1,0,1,0,0,1,0,1,0,1,0,0,0,0,0,0,0,0,0,0,0,0,1,0,0,0,0,0,1,1,1,1,1,0,1,0,1,1,1,1,0,0,0,0,0,0,0,0,0,0,0,0,1,1,0,0,0,0,0,1,0,0,0,0,0,0,0,0,0,0,0,0,0,0,1,1,0,0,1,0,0,0,0,0,0,1,0,0,0,0,0,1,0,1,1,0,0,0,0
367,South Shore,1,tablet,,B,-7,,null,9,2,0,,13,1,571,360,91.11111111,83.46456693,11.81102362,4.724409449,127,0,0,1,1,1,1,0,0,1,1,1,1,0,0,0,0,0,0,0,0,0,0,0,0,1,0,0,0,0,0,0,0,0,0,0,1,0,0,0,1,0,0,0,0,0,0,0,0,0,0,0,0,0,0,0,0,0,0,0,0,,,,,,,,,,,,,,,,,,,,,,,1,1,1,0,0,0,0,0,0,0,1,1,1,1,1,1,1,1,0
368,South Shore,1,tablet,,A,1,A,4,9,10,0,10,14,8,466,254,95.27559055,81.1023622,12.5984252,6.299212598,127,1,1,1,1,1,1,0,0,0,1,1,1,0,0,0,0,0,0,0,0,0,0,0,0,0,0,0,0,0,0,1,1,1,1,1,1,0,0,1,1,1,0,0,0,0,0,0,0,0,0,0,0,0,0,1,0,0,0,0,0,1,1,1,0,1,1,0,0,0,0,1,1,1,0,0,0,0,0,1,1,0,0,1,1,1,1,0,0,0,1,1,1,1,0,0,0,0,1,1,1,0
375,South Shore,4,tablet,y,A,15,B,-2,8,23,0,12,10,2,746,338,94.9704142,87.37864078,6.796116505,5.825242718,103,0,0,1,1,1,1,1,1,0,1,0,1,0,0,0,0,0,0,0,0,0,0,0,0,0,0,0,0,0,0,0,1,1,1,1,1,1,1,1,1,0,1,1,1,1,1,1,1,1,1,1,1,1,1,1,0,0,0,0,0,1,1,1,0,0,0,0,0,0,0,1,1,1,1,0,1,1,0,1,0,1,1,0,1,1,0,1,0,0,1,1,1,1,0,0,0,0,0,0,0,0
376,South Shore,4,tablet,,A,8,A,7,10,18,0,10,17,1,1622,532,88.34586466,66.01941748,0,33.98058252,103,1,0,1,1,1,0,0,0,1,1,1,1,0,0,0,0,0,0,0,0,0,0,0,0,0,0,1,1,0,0,1,1,1,1,1,1,0,1,1,1,1,1,1,1,1,0,0,0,0,0,0,0,0,0,1,0,1,1,0,1,1,1,1,0,0,0,1,1,0,0,0,0,0,1,0,0,1,1,1,0,1,0,1,1,1,0,0,0,0,1,1,1,1,1,1,1,1,1,1,1,1
377,South Shore,4,tablet,y,B,1,B,8,8,9,0,2,10,6,618,344,68.31395349,60.57692308,35.57692308,3.846153846,104,0,0,1,0,1,1,0,0,0,1,1,1,0,0,0,0,0,0,0,0,0,0,0,0,0,0,1,0,1,0,1,1,1,1,1,1,0,0,0,1,0,0,0,0,0,0,0,0,0,0,0,0,0,0,0,0,1,1,0,0,0,0,0,0,0,0,0,0,0,1,0,0,0,0,0,0,0,1,0,0,0,0,0,1,0,1,0,1,1,1,1,1,0,0,0,1,0,0,0,0,0
378,South Shore,4,tablet,y,A,20,B,5,10,30,0,14,19,0,1587,520,97.88461538,90.29126214,6.796116505,2.912621359,103,0,0,1,1,1,1,1,0,1,1,1,1,0,0,0,0,0,0,0,0,0,0,0,0,0,0,0,0,1,0,1,1,1,1,1,1,1,1,1,1,1,1,1,1,1,1,1,1,1,1,1,1,1,1,1,1,1,1,1,1,1,1,1,1,1,1,1,1,1,1,0,0,0,0,0,0,0,1,1,1,1,0,1,1,1,1,1,1,1,1,1,1,1,0,1,1,1,1,1,0,0
379,South Shore,4,tablet,,A,2,B,5,8,10,0,1,6,0,618,274,80.65693431,46.15384615,0.961538462,52.88461538,104,1,1,1,1,1,1,0,0,0,0,0,0,0,0,0,0,0,0,0,0,0,0,0,0,0,0,1,0,1,0,1,1,1,1,0,1,1,0,1,0,0,1,0,0,0,0,0,0,0,0,0,0,0,0,1,0,0,0,1,0,0,0,0,0,0,0,1,0,0,0,0,0,0,0,0,0,0,0,0,0,0,0,1,1,1,0,0,0,0,0,0,0,0,1,0,0,0,0,0,0,0
380,South Shore,4,tablet,,A,7,A,2,3,10,0,1,3,5,545,219,94.06392694,75.72815534,17.47572816,6.796116505,103,0,0,0,0,1,0,0,0,1,0,0,0,0,0,0,0,0,0,0,0,0,0,0,0,1,0,0,0,0,0,1,0,1,0,0,1,1,1,1,1,1,0,0,0,0,0,0,0,0,0,0,0,0,0,0,0,1,1,0,0,0,0,0,0,0,0,0,0,0,0,0,0,0,0,0,1,0,0,0,0,0,0,0,0,1,0,0,0,0,1,1,0,0,0,0,0,0,0,0,0,0
381,South Shore,4,tablet,,A,5,,null,9,14,0,,,0,524,286,95.8041958,84,8,8,50,0,0,1,1,1,1,1,1,0,1,1,1,0,0,0,0,0,0,0,0,0,0,0,0,0,0,0,0,0,0,1,1,1,1,1,1,0,1,0,1,1,1,0,1,1,0,0,0,0,0,0,0,0,0,0,0,1,1,0,0,,,,,,,,,,,,,,,,,,,,,,,,,,,,,,,,,,,,,,,,,
382,South Shore,1,tablet,y,A,4,A,0,7,11,0,6,6,0,649,383,90.07832898,44.96124031,24.80620155,30.23255814,129,0,0,1,1,1,1,1,0,0,1,0,0,0,0,0,0,0,0,0,0,0,0,0,0,1,0,0,0,0,0,1,1,1,1,1,1,0,1,1,1,1,0,0,0,0,0,0,0,0,0,0,0,0,0,1,0,0,0,0,0,1,1,1,0,0,0,0,0,0,0,0,0,0,1,0,0,1,1,0,0,0,0,1,1,1,0,1,0,0,0,0,0,0,0,0,0,0,0,0,0,0
383,South Shore,4,tablet,y,B,4,A,5,3,7,0,5,10,0,893,451,87.80487805,93.2038835,2.912621359,3.883495146,103,0,0,1,0,1,0,0,0,0,0,0,0,0,0,0,0,0,0,0,0,0,0,0,0,1,0,0,0,0,0,0,0,1,1,1,1,0,0,0,0,0,0,0,0,0,0,0,0,0,0,0,0,0,0,0,0,1,1,1,0,1,0,1,0,0,0,0,0,0,0,0,0,0,1,0,0,1,1,0,0,0,0,1,1,0,0,1,0,0,0,1,0,0,0,1,1,1,0,0,1,0
384,South Shore,4,tablet,y,A,13,B,-1,10,23,0,11,10,2,815,375,92.53333333,89.21568627,3.921568627,6.862745098,102,0,0,1,1,1,1,1,1,1,1,1,1,0,0,0,0,0,0,0,0,0,0,0,0,0,0,0,0,0,0,1,1,1,1,1,1,1,1,1,1,1,1,0,0,0,1,1,1,1,1,1,1,0,0,1,1,0,0,1,1,1,1,1,1,0,0,1,1,1,0,0,0,0,1,0,0,0,0,1,0,1,1,1,1,1,1,0,0,0,0,0,0,1,1,1,1,0,0,0,0,0
385,South Shore,4,tablet,,A,6,A,4,14,20,0,15,19,0,1149,500,96,63.46153846,0.961538462,35.57692308,104,1,1,1,1,1,1,1,1,1,1,1,1,0,0,0,0,0,0,0,0,0,0,0,0,1,0,0,1,0,0,1,1,1,1,1,1,1,1,1,1,1,1,0,0,0,0,0,0,0,0,0,0,1,1,1,1,1,1,1,1,1,1,1,0,0,0,1,1,0,1,1,1,1,1,1,1,1,1,0,0,1,0,1,1,1,0,0,1,1,1,1,1,1,1,1,1,1,1,1,0,1
386,South Shore,4,tablet,y,A,3,A,4,11,14,0,5,9,4,869,422,77.01421801,75.72815534,8.737864078,15.53398058,103,1,1,1,1,1,1,0,1,1,1,1,0,0,0,0,0,0,0,0,0,0,0,0,0,0,0,0,0,1,0,1,1,1,1,1,1,1,1,1,1,1,1,1,0,0,0,0,0,0,0,0,0,0,0,1,0,0,0,0,0,1,0,1,1,0,1,0,0,0,0,0,0,0,0,0,0,0,0,1,0,0,0,1,1,0,0,0,0,0,1,0,1,0,0,0,0,0,1,1,1,0
387,South Shore,4,tablet,,A,5,A,10,6,11,0,5,15,2,788,377,82.75862069,96.07843137,0,3.921568627,102,1,0,1,0,1,0,0,0,0,0,1,0,0,0,0,0,0,0,0,0,0,0,0,0,1,0,0,0,1,0,1,1,1,1,1,1,0,0,0,1,0,0,0,1,1,0,0,0,0,0,0,0,1,1,0,0,0,0,0,0,0,0,0,0,0,0,1,1,0,0,1,1,1,0,0,0,0,0,0,0,0,0,1,1,1,0,1,0,0,1,1,1,1,1,1,1,1,0,0,1,0
388,South Shore,4,tablet,y,A,4,B,10,10,14,0,7,17,0,1550,546,91.57509158,86.40776699,10.67961165,2.912621359,103,0,0,1,1,1,1,1,1,1,1,1,1,0,0,0,0,0,0,0,0,0,0,0,0,0,0,0,0,0,0,1,1,1,1,1,1,0,1,1,1,1,1,1,1,1,0,0,0,0,0,0,0,0,0,0,0,0,0,0,0,0,0,0,0,0,0,0,0,1,1,1,1,1,0,0,0,0,0,1,0,1,0,1,1,1,1,1,1,1,1,1,1,1,0,1,1,0,1,1,1,0
389,South Shore,4,tablet,,A,2.5,B,8,10,12.5,0,9,17,2,891,395,98.48101266,85.4368932,6.796116505,7.766990291,103,0,1,1,1,1,1,1,1,0,1,1,0,1,0,0,0,0,0,0,0,0,0,0,0,0,0,0,0,0,0,1,1,1,1,1,1,1,1,1,1,1,1,0.5,0,0,0,0,0,0,0,0,0,0,0,0,0,0,0,0,0,1,1,1,0,0,1,0,0,0,0,0,0,0,0,0,1,1,1,1,0,1,0,1,1,1,0,0,1,1,1,1,1,1,1,1,1,1,1,1,0,0
390,South Shore,4,tablet,y,A,9,A,7,7,16,0,8,15,1,858,474,97.46835443,94.11764706,4.901960784,0.980392157,102,1,1,1,1,1,1,0,0,1,0,0,0,0,0,0,0,0,0,0,0,0,0,0,0,0,0,0,0,0,0,1,1,1,1,1,1,0,0,1,1,1,1,1,1,0,0,0,0,0,0,0,0,0,1,1,0,1,1,0,0,0,1,0,0,1,0,1,1,0,1,1,1,1,0,0,0,0,0,0,0,0,0,1,1,1,1,1,0,1,1,1,1,1,0,1,0,0,0,0,1,0
391,South Shore,4,tablet,y,A,14,B,0,11,25,0,14,14,0,1679,523,98.2791587,94.23076923,0.961538462,4.807692308,104,0,0,1,1,1,1,1,1,1,1,1,1,1,0,0,0,0,0,0,0,0,0,0,0,0,0,0,0,0,0,0,1,1,1,1,1,0.5,0.5,1,1,1,1,1,1,1,1,1,1,1,1,1,1,1,1,1,0,1,1,0,0,1,1,1,0,0,1,1,1,0,0,1,1,0,1,1,0,1,0,1,1,1,0,1,1,1,1,0,1,1,0,0,0,1,0,0,1,0,1,1,1,0
392,South Shore,4,tablet,y,B,4.5,B,0,7,11.5,0,12,12,1,728,397,96.72544081,91.26213592,6.796116505,1.941747573,103,0,0,1,1,1,1,0,0,1,1,1,0,0,0,0,0,0,0,0,0,0,0,0,0,0,0,0,0,0,0,1,1,1,1,1,1,1,0,1,1,1,1,0.5,0,0,0,0,0,0,0,0,0,0,0,0,0,0,0,0,0,1,1,0,0,0,1,0,0,1,1,1,1,1,0,0,0,0,0,1,1,1,1,1,1,1,0,1,1,1,1,1,0,0,0,0,0,0,0,0,1,0
393,South Shore,4,tablet,y,B,11,A,1,19,30,0,19,20,0,1898,571,98.59894921,85.57692308,6.730769231,7.692307692,104,1,1,1,1,1,1,1,1,1,1,1,1,1,0,0,0,0,0,0,0,0,0,0,0,1,1,1,1,1,1,1,1,1,1,1,1,1,1,1,1,1,1,1,1,1,1,1,1,1,1,1,1,1,1,1,1,1,1,1,1,1,1,1,1,1,1,1,1,1,1,1,1,1,1,0,0,1,1,1,1,0,1,1,1,1,1,1,1,1,1,1,1,1,1,1,1,1,0,0,1,1
395,South Shore,4,tablet,y,B,10,A,-1,16,26,0,22,21,1,1431,514,99.22178988,91.26213592,5.825242718,2.912621359,103,1,1,1,1,1,1,0,0,1,1,1,1,0,0,0,0,0,0,0,0,0,0,0,0,1,1,1,1,1,1,1,1,1,1,1,1,1,1,1,1,1,1,1,0,0,1,1,1,1,1,1,1,0,0,1,1,1,1,1,1,1,1,1,1,1,1,1,1,1,1,1,1,1,1,1,1,1,1,1,1,1,1,1,1,1,1,1,1,1,1,1,1,1,1,1,1,1,1,1,1,0
396,South Shore,4,tablet,,B,11,,null,13,24,0,,,0,339,166,97.59036145,86,12,2,50,1,1,1,1,1,1,1,1,1,1,1,1,0,0,0,0,0,0,0,0,0,0,0,0,1,0,0,0,0,0,1,1,1,1,1,1,1,1,1,1,1,1,1,0.5,0.5,1,1,1,1,1,1,1,0.5,0.5,1,1,0,0,0,0,,,,,,,,,,,,,,,,,,,,,,,,,,,,,,,,,,,,,,,,,
397,South Shore,4,tablet,y,B,1.5,A,4,11,12.5,0,5,9,3,716,286,88.46153846,72.54901961,20.58823529,6.862745098,102,0,0,1,1,1,1,1,1,1,1,1,1,0,0,0,0,0,0,0,0,0,0,0,0,1,0,0,0,0,0,1,1,1,1,1,1,1,1,1,1,1,1,0.5,0,0,0,0,0,0,0,0,0,0,0,0,0,0,0,0,0,0,0,0,0,0,0,1,1,0,0,0,0,0,1,0,0,1,1,0,0,0,0,1,1,1,0,1,0,0,1,1,0,0,1,0,1,1,0,0,0,0
398,South Shore,4,tablet,,B,4,A,7,10,14,0,8,15,3,1071,488,95.69672131,88.23529412,6.862745098,4.901960784,102,1,1,0,0,0,0,1,1,1,1,1,1,0,0,0,0,0,0,0,0,0,0,0,0,0,0,1,1,0,0,1,1,1,1,1,1,1,1,1,1,1,1,0,0,0,0,0,0,0,0,0,0,0,0,1,1,0,0,0,0,1,1,1,0,0,0,1,1,0,0,0,0,0,0,0,0,0,0,1,1,1,0,1,1,1,1,1,0,1,1,1,1,0,0,1,0,0,1,1,0,0
399,South Shore,4,tablet,y,B,6.5,B,3,8,14.5,0,6,9,3,944,471,78.98089172,69.60784314,14.70588235,15.68627451,102,0,0,1,1,1,1,0,0,0,1,1,1,0,0,0,0,0,0,0,0,0,0,0,0,0,0,1,0,0,0,1,1,1,1,1,1,1,1,1,1,1,1,0.5,0,0,0,0,0,0,0,0,0,0,0,0,0,1,1,0,0,1,1,1,0,0,0,1,1,0,0,0,0,0,0,0,1,0,0,0,0,0,0,0,1,0,0,0,0,0,1,1,1,1,0,0,0,0,1,1,0,0
400,South Shore,4,tablet,y,A,12.5,B,1.5,8,20.5,0,10,11.5,1,1264,525,94.47619048,94.23076923,1.923076923,3.846153846,104,0,1,1,1,1,1,0,0,1,1,1,0,0,0,0,0,0,0,0,0,0,0,0,0,0,0,0,0,0,0,1,1,1,1,1,1,1,1,1,1,1,1,0.5,1,0,0,0,0,0,0,0,0,1,1,1,0,1,1,1,1,1,1,0,0,0,1,0,0,0,0,1,1,1,1,0,0,0,0,1,1,1,0,1,0,1,0,0,0,0,1,1,1,1,0,0,0,0,1,1,1,0
401,South Shore,4,tablet,,A,10,A,6,5,15,0,3,9,0,831,286,95.1048951,35.57692308,10.57692308,53.84615385,104,0,0,1,1,1,1,0,0,0,0,0,0,0,0,0,0,0,0,0,0,0,0,0,0,1,0,0,0,0,0,1,1,1,1,1,1,1,1,1,1,1,1,0,0,0,0,0,0,0,0,0,0,0,0,1,1,0,0,1,0,1,1,1,0,0,0,0,0,0,0,0,0,0,0,0,0,0,0,0,0,0,0,1,1,1,1,0,0,0,0,0,0,0,0,0,1,1,1,1,0,0
402,South Shore,4,tablet,y,B,14.5,A,1,12,26.5,0,16,17,5,1475,506,98.61660079,80.39215686,14.70588235,4.901960784,102,1,1,1,1,1,1,1,0,1,1,1,1,0,0,0,0,0,0,0,0,0,0,0,0,1,0,0,0,0,0,1,1,1,1,1,1,0.5,0.5,1,1,1,1,0.5,1,1,1,1,1,1,1,1,1,1,1,1,0,1,1,1,0,0,0,1,1,1,1,1,1,1,1,1,1,1,0,1,0,1,1,1,1,0,0,1,1,1,1,1,1,0,1,1,1,0,1,0,0,0,1,1,1,1
403,South Shore,4,tablet,y,B,12,B,7,7,19,0,8,15,0,981,461,98.26464208,96.11650485,2.912621359,0.970873786,103,0,0,0,0,1,0,0,1,1,1,1,1,0,0,0,0,0,0,0,0,0,0,0,0,1,0,0,0,0,0,1,1,1,1,1,1,1,1,1,1,1,0,0,0,0,1,1,1,1,1,1,1,0,0,0,0,0,0,1,0,1,1,1,1,1,1,0,0,0,0,0,0,0,0,0,0,0,0,1,0,1,0,1,1,1,0,0,0,0,1,1,1,1,0,1,1,0,1,1,1,0
404,South Shore,4,tablet,,B,11,B,-2,12,23,0,16,14,0,1392,513,98.24561404,94.23076923,1.923076923,3.846153846,104,0,0,1,1,1,1,0,1,1,1,1,1,1,0,0,0,0,0,0,0,0,0,0,0,0,0,1,1,0,0,1,1,1,1,1,1,1,1,1,1,1,1,1,1,1,0,0,0,0,0,0,0,1,1,1,1,1,1,1,1,1,1,0,1,1,1,1,1,1,0,1,1,1,1,1,1,0,0,1,1,0,0,1,1,1,0,0,0,1,1,1,1,1,0,1,0,0,1,1,0,0
472,South Shore,1,tablet,,A,3,B,5,4,7,0,9,14,2,767,390,98.46153846,89.14728682,9.302325581,1.550387597,129,0,0,1,0,1,0,0,0,0,1,0,0,0,0,0,0,0,0,0,0,0,0,0,0,1,0,0,0,0,0,1,1,1,0,0,1,0,1,0,0,0,0,0,1,0,0,0,0,0,0,0,0,0,0,1,0,0,0,0,0,0,1,1,0,0,1,1,0,0,0,0,0,0,1,0,0,0,0,1,1,1,1,1,1,1,0,0,0,0,1,1,1,1,1,1,1,1,1,1,1,0
489,South Shore,1,tablet,y,B,4.5,B,-1,2,6.5,0,2,1,2,913,456,80.04385965,93.79844961,3.875968992,2.325581395,129,0,1,0,0,1,0,0,0,0,0,0,0,0,0,0,0,0,0,0,0,0,0,0,0,0,0,0,0,0,0,0,0,1,1,1,0,0.5,0,0,0,0,0,0,0,0,0,0,0,0,0,0,0,0,0,1,0,1,1,0,0,0,0,0,0,0,0,1,1,0,0,0,0,0,0,0,0,0,0,0,0,0,0,0,0,0,0,0,0,0,0,0,0,0,0,0,0,0,0,0,0,0
5301,South Shore,3,paper,,B,5,A,13,14,19,0,6,19,1,134,537,88.6405959,85.33333333,1.333333333,13.33333333,75,1,1,1,1,1,1,1,1,0,1,1,1,0,0,0,0,0,0,0,0,0,0,0,0,1,0,1,1,0,0,1,1,1,1,1,1,1,1,1,1,1,1,1,1,0,0,0,0,0,0,0,0,0,0,1,0,1,1,1,1,1,1,1,0,0,0,1,0,0,0,0,0,0,0,0,0,0,0,1,1,0,0,1,1,1,0,0,1,1,1,1,1,1,1,1,1,1,1,1,1,0
5302,South Shore,3,paper,,A,4,B,4,6,10,0,2,6,1,142,408,58.82352941,71.62162162,18.91891892,9.459459459,74,1,0,1,0,0,1,0,0,0,0,0,0,0,0,0,0,0,0,0,0,0,0,0,0,1,0,1,1,0,0,0,1,1,1,1,0,0,0,1,0,0,1,0,0,0,0,0,0,0,0,0,0,0,0,0,0,1,1,1,1,0,0,0,0,0,0,0,0,0,0,0,0,0,0,0,0,1,1,0,0,0,0,1,0,1,0,0,0,0,0,0,0,0,0,0,1,1,0,0,0,0
5303,South Shore,3,paper,,B,null,B,3,5,,0,2,5,1,45,375,68.26666667,67.56756757,24.32432432,8.108108108,74,0,0,1,0,1,0,0,0,0,1,1,1,0,0,0,0,0,0,0,0,0,0,0,0,0,0,0,0,0,0,,,,,,,,,,,,,,,,,,,,,,,,,,,,,,,1,1,0,0,0,0,0,0,0,0,0,0,0,0,0,0,0,0,0,0,0,0,0,1,0,0,0,0,0,0,0,0,1,0,0,0,0,1,1,0,1
5304,South Shore,3,paper,y,A,12,B,null,15,27,0,20,,1,72,648,83.02469136,42.46575342,41.09589041,16.43835616,73,1,1,1,1,1,1,1,1,1,1,1,1,0,0,0,0,0,0,0,0,0,0,0,0,1,1,0,0,1,0,1,1,1,1,1,1,1,1,1,1,1,1,1,1,1,1,1,1,1,1,1,1,1,1,1,0,0,0,1,1,1,1,1,1,1,1,1,1,1,1,1,1,1,1,1,1,0,0,1,1,1,1,,,,,,,,,,,,,,,,,,,
5305,South Shore,3,paper,y,B,11,B,-1,15,26,0,21,20,0,139,543,90.05524862,82.66666667,13.33333333,4,75,1,1,1,1,1,1,1,1,1,1,1,1,1,0,0,0,0,0,0,0,0,0,0,0,1,0,0,0,1,0,1,1,1,1,1,1,1,1,1,1,1,1,1,1,1,1,1,1,1,1,1,1,1,1,0,0,1,1,0,0,1,1,1,1,0,1,1,1,1,1,1,1,1,1,1,1,1,1,1,1,1,1,1,1,1,1,1,1,1,1,1,1,1,1,1,1,1,1,1,0,0
5306,South Shore,3,paper,,B,6,A,7,14,20,0,12,19,3,143,531,87.9472693,89.18918919,2.702702703,8.108108108,74,1,1,1,1,1,1,1,0,1,1,1,1,1,0,0,0,0,0,0,0,0,0,0,0,1,0,0,0,1,0,1,1,1,1,1,1,1,1,1,1,1,1,1,1,1,0,0,0,0,0,0,0,0,0,1,0,1,1,1,1,1,1,1,1,1,1,0,0,0,0,1,1,1,1,0,0,1,0,0,0,1,0,1,1,1,0,1,1,1,1,1,1,1,0,1,1,0,1,1,1,1
5307,South Shore,3,paper,,B,2,B,-4,5,7,0,4,0,1,50,412,69.90291262,86.30136986,10.95890411,2.739726027,73,0,1,1,0,0,0,0,0,0,1,0,1,0,0,0,0,0,0,0,0,0,0,0,0,1,0,0,0,0,0,1,0,1,0,1,0,0,0,1,1,1,0,1,0,0,0,0,0,0,0,0,0,0,0,0,0,0,0,0,0,1,1,1,0,1,0,0,0,0,0,0,0,0,0,0,0,0,0,0,0,0,0,0,0,0,0,0,0,0,0,0,0,0,0,0,0,0,0,0,0,0
5308,South Shore,3,paper,y,A,15,A,2,11,26,0,18,20,1,156,492,89.63414634,77.33333333,9.333333333,13.33333333,75,0,0,1,1,1,1,1,1,0,1,0,1,1,0,0,0,0,0,0,0,0,0,0,0,0,0,1,1,0,0,1,1,1,1,1,1,1,1,1,1,1,1,1,0.5,0.5,1,1,1,1,1,1,1,0.5,0.5,0,0,1,1,1,1,1,0,1,1,1,1,1,1,1,1,1,1,1,1,1,1,1,1,0,0,1,0,1,1,1,1,1,1,1,1,1,1,1,1,1,1,0,1,1,1,0
5309,South Shore,3,paper,y,B,13,A,3,17,30,0,17,20,0,180,699,94.27753934,68.49315068,2.739726027,28.76712329,73,1,1,1,1,1,1,1,1,1,1,1,1,1,0,0,0,0,0,0,0,0,0,0,0,0,0,1,1,1,1,1,1,1,1,1,1,1,1,1,1,1,1,1,1,1,1,1,1,1,1,1,1,1,1,1,1,1,1,1,1,0,0,0,1,1,1,1,1,1,1,1,1,1,1,1,1,1,1,1,1,0,0,1,1,1,1,1,1,1,1,1,1,1,1,1,1,1,0,0,1,1
5310,South Shore,3,paper,,A,4,B,10,8,12,0,5,15,0,79,329,75.68389058,66.66666667,18.66666667,14.66666667,75,1,0,1,0,0,0,1,1,1,1,1,1,0,0,0,0,0,0,0,0,0,0,0,0,0,0,0,0,0,0,1,1,1,1,1,1,1,1,1,0,0,0,1,1,0,0,0,0,0,0,0,0,0,0,1,0,0,0,0,0,1,1,0,0,0,0,1,1,0,0,0,0,0,0,0,0,0,0,0,0,1,0,1,1,1,0,1,0,0,1,1,1,1,0,0,0,0,1,1,1,1
5311,South Shore,3,paper,,A,6.5,A,0,12,18.5,0,19,19,0,82,702,82.76353276,58.10810811,6.756756757,35.13513514,74,1,1,1,1,1,1,1,1,1,1,1,1,0,0,0,0,0,0,0,0,0,0,0,0,0,0,0,0,0,0,1,1,1,1,1,1,1,1,1,1,1,1,0.5,0.5,0.5,0,0,0,0,0,0,0,0.5,0.5,0,0,1,1,1,1,0,1,0,1,1,0,0,0,0,1,1,1,,10,0,0,0,0,1,1,1,0,1,1,1,1,1,1,1,1,1,1,1,0,1,1,0,1,1,1,0
5312,South Shore,3,paper,,B,2,,,13,15,0,,,0,91,274,87.95620438,0,0,100,48,1,1,1,1,1,1,0,1,0,1,1,1,0,0,0,0,0,0,0,0,0,0,0,0,1,0,1,1,0,0,1,1,1,1,1,1,1,1,1,1,1,1,1,1,1,0,0,0,0,0,0,0,0,0,0,0,0,0,0,0,,,,,,,,,,,,,,,,,,,,,,,,,,,,,,,,,,,,,,,,,
5313,South Shore,3,paper,y,B,3.5,A,3,5,8.5,0,8,11,1,192,464,81.25,83.78378378,6.756756757,9.459459459,74,0,0,1,1,1,0,0,1,0,0,0,0,0,0,0,0,0,0,0,0,0,0,0,0,0,0,0,0,1,0,0,0,0,0,1,1,0.5,1,1,0,0,1,1,0,0,0,0,0,0,0,0,0,0,0,0,0,0,0,1,1,1,0,0,0,0,0,1,1,0,0,1,1,1,0,0,0,0,0,1,0,1,0,1,1,1,0,0,0,1,1,1,1,0,0,0,0,0,0,0,1,1
5314,South Shore,3,paper,y,A,3,B,8,14,17,0,13,21,0,171,700,84.42857143,59.45945946,1.351351351,39.18918919,74,1,1,1,1,1,1,1,1,1,1,1,1,0,0,0,0,0,0,0,0,0,0,0,0,1,0,0,0,1,0,1,1,1,1,1,1,1,1,1,1,1,1,1,0,1,0,0,0,0,0,0,0,0,0,1,0,0,0,1,1,1,1,1,0,1,0,0,0,0,0,1,1,1,1,0,1,1,0,1,1,1,0,1,1,1,1,1,1,1,1,1,1,1,1,1,1,1,1,1,1,0
5315,South Shore,3,paper,,A,21.5,B,-1,7,28.5,0,11,10,1,186,582,86.94158076,70.66666667,17.33333333,12,75,0,0,1,1,1,1,1,0,0,1,0,1,0,0,0,0,0,0,0,0,0,0,0,0,0,0,0,0,0,0,1,1,1,1,1,1,1,1,1,1,1,1,0.5,1,1,1,1,1,1,1,1,1,1,1,1,0,1,1,1,1,1,1,1,0,0,0,0,0,1,1,1,1,1,0,0,0,0,0,1,1,0,1,1,1,1,0,1,0,0,0,0,0,0,1,0,0,0,1,1,0,0
5316,South Shore,3,paper,y,A,21,A,0,9,30,0,17,17,1,168,683,95.90043924,78.66666667,0,21.33333333,75,0,0,1,1,1,1,1,1,1,1,1,0,0,0,0,0,0,0,0,0,0,0,0,0,0,0,0,0,0,0,1,1,1,1,1,1,1,1,1,1,1,1,1,1,1,1,1,1,1,1,1,1,1,1,1,1,1,1,1,1,1,1,1,1,1,1,1,1,0,0,0,0,0,1,1,1,1,1,1,1,1,1,1,1,1,1,1,0,0,0,0,0,1,1,1,1,1,1,1,1,1
5317,South Shore,3,paper,,A,6,A,-2,8,14,0,7,5,0,146,673,79.64338782,78.37837838,18.91891892,2.702702703,74,0,0,1,1,1,1,0,1,1,1,0,1,0,0,0,0,0,0,0,0,0,0,0,0,0,0,0,0,0,0,1,1,1,1,1,1,0.5,0.5,1,1,1,1,0.5,0.5,0.5,0,0,0,0,0,0,0,0,0,0,0,0,0,1,0.5,0,1,0,0,0,0,1,1,0,0,1,1,1,0,0,0,0,0,1,0,0,0,1,0,1,0,0,0,0,1,1,1,0,0,0,0,0,0,0,0,0
5318,South Shore,3,paper,y,B,2.5,A,3,12,14.5,0,16,19,0,183,138,79.71014493,58.10810811,10.81081081,31.08108108,74,1,1,1,1,0,1,1,1,1,1,1,1,1,0,0,0,0,0,0,0,0,0,0,0,0,0,0,0,0,0,1,1,1,1,1,1,1,1,1,1,1,1,0,0.5,0,0,0,0,0,0,0,0,1,1,0,0,0,0,0,0,1,1,1,1,1,1,0,0,1,1,1,1,1,0,0,0,1,1,1,1,1,0,1,1,1,1,1,1,1,1,1,1,1,0,1,1,0,1,1,1,0
5319,South Shore,3,paper,,A,null,A,14,10,,0,4,18,2,138,289,79.93079585,84,12,4,75,1,1,1,1,1,1,1,0,1,1,1,0,0,0,0,0,0,0,0,0,0,0,0,0,0,0,0,0,0,0,,,,,,,,,,,,,,,,,,,,,,,,,,,,,,,0,0,0,0,0,0,1,1,0,0,0,0,0,0,0,0,0,0,0,0,1,1,1,1,1,0,1,1,1,1,1,1,1,0,1,1,0,1,1,1,1
5320,South Shore,3,paper,,B,7.5,B,4,11,18.5,0,6,10,0,195,634,76.1829653,53.33333333,21.33333333,25.33333333,75,1,0,1,0,1,1,1,1,1,0,1,1,0,0,0,0,0,0,0,0,0,0,0,0,0,0,1,1,0,0,1,1,1,1,1,1,1,1,1,1,1,1,0,0.5,0,0,0,0,0,0,0,0,1,1,1,1,1,0,1,0,1,1,0,0,0,0,1,1,0,0,0,0,1,0,0,0,0,0,0,0,1,0,1,1,1,0,0,1,0,0,1,1,0,0,0,1,0,0,0,0,0
5321,South Shore,3,paper,,A,15.5,B,4,12,27.5,0,13,17,2,158,684,91.22807018,73.97260274,16.43835616,9.589041096,73,1,1,1,1,1,1,1,1,1,1,1,1,0,0,0,0,0,0,0,0,0,0,0,0,0,0,0,0,0,0,1,1,1,1,1,1,1,1,1,1,1,1,0.5,1,1,1,1,1,1,1,1,1,1,1,1,1,1,1,0,0,1,1,1,0,0,1,1,1,0,0,1,1,1,0,1,0,0,0,1,1,1,0,1,1,1,1,1,1,1,0,0,0,0,1,1,1,1,1,1,1,0
5322,South Shore,3,paper,,B,12,A,-3,12,24,0,20,17,0,156,648,88.27160494,60.2739726,15.06849315,24.65753425,73,1,1,1,1,1,1,0,0,1,1,0,1,0,0,0,0,0,0,0,0,0,0,0,0,1,0,1,1,0,0,0,1,1,1,1,0,1,1,1,1,1,1,1,0,0.5,0.5,1,1,1,1,1,1,0.5,0.5,1,0,1,1,1,1,1,1,1,1,0,1,1,1,1,1,1,1,1,1,1,1,1,1,1,0,1,1,1,1,1,0,0,1,1,1,1,1,0,1,0,1,1,1,1,1,1
5323,South Shore,3,paper,,B,13,B,7,16,29,0,12,19,0,183,711,92.26441632,66.21621622,5.405405405,28.37837838,74,1,1,1,1,1,1,0,1,1,1,1,1,0,0,0,0,0,1,0,0,0,0,0,0,1,1,1,1,0,0,1,1,1,1,1,1,1,1,1,1,1,1,1,1,1,1,1,1,1,1,1,1,1,1,1,0,1,1,1,1,1,1,1,0,0,0,1,1,0,0,0,0,0,1,0,0,1,1,1,1,1,1,1,1,1,0,1,1,1,1,1,1,1,1,1,1,1,0,0,1,1
5324,South Shore,3,paper,y,A,12,B,5,16,28,0,17,22,0,171,697,90.10043042,71.23287671,6.849315068,21.91780822,73,1,1,1,1,1,1,1,0,1,1,1,1,1,0,0,0,0,0,0,0,0,0,0,0,1,1,1,1,0,0,1,1,1,1,1,1,0,1,1,1,1,1,0,1,1,1,1,1,1,1,1,1,1,1,1,1,1,1,1,1,1,1,1,0,1,1,1,1,1,1,1,1,1,1,0,0,0,1,1,1,1,0,1,1,1,1,1,1,1,1,1,1,1,1,1,1,1,1,1,1,1
5325,South Shore,3,paper,,B,9,A,4,3,12,0,2,6,1,72,98,84.69387755,49.33333333,26.66666667,24,75,1,0,0,0,1,0,1,0,0,0,0,0,0,0,0,0,0,0,0,0,0,0,0,0,0,0,0,0,0,0,0,1,1,1,1,1,1,1,0,1,1,0,0,0,0,0,0,0,0,0,0,0,0,0,1,0,1,1,0,0,0,0,0,0,0,0,1,1,0,0,0,0,0,0,0,0,0,0,0,0,0,0,0,1,1,0,1,0,0,0,0,0,1,0,1,0,0,0,0,0,0
5326,South Shore,3,paper,y,A,9,B,7,7,16,0,4,11,6,185,432,76.85185185,79.72972973,14.86486486,5.405405405,74,0,1,1,1,1,1,0,1,0,1,0,0,0,0,0,0,0,0,0,0,0,0,0,0,0,0,0,0,0,0,1,1,1,1,1,1,1,1,1,1,1,1,0,1,0,0,0,0,0,0,0,0,0,0,1,0,1,1,0,0,1,0,0,1,1,0,0,0,0,0,0,0,0,0,0,0,0,0,0,0,1,0,1,1,1,1,1,0,0,0,0,0,1,0,0,1,0,1,1,1,0
5327,South Shore,3,paper,,,null,B,2,,,0,5,7,1,121,448,68.30357143,53.06122449,32.65306122,14.28571429,49,,,,,,,,,,,,,,,,,,,,,,,,,,,,,,,,,,,,,,,,,,,,,,,,,,,,,,,,,,,,,0,0,0,0,0,0,0,0,0,0,1,1,1,0,0,0,1,0,1,0,0,0,1,1,1,0,1,0,0,0,0,0,0,0,0,0,0,0,0,0,0
411,Lakota,2,tablet,y,A,6.5,B,1,4,10.5,0,1,2,1,872,178,89.3258427,71.42857143,11.9047619,16.66666667,42,0,0,1,1,1,0,0,0,0,1,0,0,0,0,0,0,0,0,0,0,0,0,0,0,0,0,0,0,0,0,1,1,1,0,1,1,1,1,0,0,0,1,0,0,0,0,0,0,0,0,0,0,0.5,0,0,0,1,1,0,0,0,0,0,0,0,0,0,0,0,0,0,0,0,0,0,0,0,0,1,0,0,0,0,0,0,0,0,0,0,0,0,0,0,0,0,0,0,0,0,0,0
412,Lakota,2,tablet,y,B,6.5,B,5,4,10.5,0,2,7,1,934,228,70.61403509,19.04761905,14.28571429,66.66666667,42,0,0,1,0,1,1,0,0,1,0,0,0,0,0,0,0,0,0,0,0,0,0,0,0,0,0,0,0,0,0,1,1,0,1,1,1,1,0,1,1,1,0,0.5,0,0,0,0,0,0,0,0,0,0,0,0,0,0,0,1,0,0,0,0,0,0,0,1,0,0,0,0,0,0,0,0,0,0,0,0,0,1,0,1,1,0,1,0,0,0,1,0,0,1,0,0,0,1,0,0,1,0
413,Lakota,2,tablet,,A,null,,,10,,0,,,0,334,33,93.93939394,57.14285714,25,17.85714286,28,0,0,1,1,1,1,1,1,1,0,1,1,0,0,0,0,0,0,0,0,0,0,0,0,1,0,0,0,0,0,,,,,,,,,,,,,,,,,,,,,,,,,,,,,,,,,,,,,,,,,,,,,,,,,,,,,,,,,,,,,,,,,,,,,,,
414,Lakota,2,tablet,,B,0,A,null,6,6,0,3,,1,886,206,92.7184466,78.04878049,17.07317073,4.87804878,41,0,1,0,0,1,0,0,0,1,1,0,1,0,0,0,0,0,0,0,0,0,0,0,0,1,0,0,0,0,0,1,0,0,0,1,0,1,1,0,1,0,0,0,0,0,0,0,0,0,0,0,0,0,0,1,0,0,0,0,0,0,0,1,0,0,0,1,1,0,0,0,0,0,0,0,0,0,0,0,0,0,0,,,,,,,,,,,,,,,,,,,
415,Lakota,2,tablet,,A,7,B,-1,6,13,0,2,1,1,980,229,66.81222707,87.80487805,12.19512195,0,41,0,0,1,0,1,0,0,0,1,1,1,1,0,0,0,0,0,0,0,0,0,0,0,0,0,0,0,0,0,0,1,1,1,1,1,1,1,1,1,0,0,1,0,0,0,0,0,0,0,0,0,0,0,0,1,0,1,1,0,0,0,0,0,0,0,0,1,1,0,0,0,0,0,0,0,0,0,0,0,0,0,0,0,0,0,0,0,0,0,0,0,0,0,0,0,0,0,0,0,0,0
416,Lakota,2,tablet,,A,4,B,6,6,10,0,1,7,1,749,144,52.08333333,71.42857143,26.19047619,2.380952381,42,1,0,1,1,1,0,0,0,0,1,0,0,0,0,0,0,0,0,0,0,0,0,0,0,1,0,0,0,0,0,0,1,1,1,1,1,1,1,1,1,0,1,0,0,0,0,0,0,0,0,0,0,0,0,0,0,0,0,0,0,0,0,0,0,0,0,1,0,0,0,0,0,0,0,0,0,0,0,0,0,0,0,1,1,1,0,0,0,0,0,0,0,0,0,0,0,0,1,0,1,1
417,Lakota,2,tablet,,B,4.5,A,-5,9,13.5,0,10,5,1,1018,198,90.4040404,68.29268293,29.26829268,2.43902439,41,1,0,1,1,1,1,0,0,1,1,1,0,0,0,0,0,0,0,0,0,0,0,0,0,1,0,0,0,0,0,1,1,1,1,1,1,1,0,1,1,1,1,0.5,0,0,0,0,0,0,0,0,0,0,0,0,0,1,1,0,0,1,1,1,0,0,0,1,1,0,0,1,1,1,0,0,1,1,0,0,0,0,0,1,1,1,0,1,0,0,0,0,0,0,0,0,0,0,0,0,0,0
418,Lakota,2,tablet,y,B,6.5,A,1,3,9.5,0,0,1,1,868,159,88.67924528,65.11627907,30.23255814,4.651162791,43,0,0,0,1,0,0,0,0,0,0,0,1,0,0,0,0,0,0,0,0,0,0,0,0,1,0,0,0,0,0,0,0,1,1,1,0,1,1,1,1,1,0,0.5,0,0,0,0,0,0,0,0,0,0,0,0,0,0,0,1,0,0,0,0,0,0,0,0,0,0,0,0,0,0,0,0,0,0,0,0,0,0,0,0,0,0,0,0,1,0,0,0,0,0,0,0,0,0,0,0,0,0
419,Lakota,2,tablet,,B,6,B,11,8,14,0,3,14,1,1005,160,93.125,72.09302326,25.58139535,2.325581395,43,0,0,0,0,1,0,1,1,1,1,1,1,0,0,0,0,0,0,0,0,0,0,0,0,1,0,0,0,0,0,1,1,1,1,0,1,1,1,1,1,1,1,0.5,0.5,0,0,0,0,0,0,0,0,0,0,0,0,1,1,0,0,1,0,1,0,0,1,0,0,0,0,0,0,0,0,0,0,0,0,0,0,0,0,0,1,0,0,0,1,1,1,1,1,1,1,1,1,1,1,0,0,0
420,Lakota,2,tablet,y,B,10.5,B,1,4,14.5,0,4,5,0,1346,232,92.67241379,83.72093023,6.976744186,9.302325581,43,1,0,0,0,1,0,0,0,0,0,0,0,0,0,0,0,0,0,0,0,0,0,0,0,1,0,0,0,1,0,1,1,1,1,1,1,1,1,1,1,1,1,0.5,0,0,0,0,0,0,0,0,0,0,0,1,0,0,0,1,0,0,1,1,0,0,0,1,1,0,0,0,0,0,0,0,0,0,0,0,0,0,0,1,1,1,0,0,0,0,0,0,0,0,0,0,0,0,0,0,0,0
423,Lakota,2,tablet,n,A,1,A,4,10,11,0,3,7,2,752,155,80.64516129,58.53658537,36.58536585,4.87804878,41,1,1,1,1,1,1,0,0,1,1,1,1,0,0,0,0,0,0,0,0,0,0,0,0,0,0,0,0,0,0,1,1,1,1,1,1,0,0,1,1,1,1,0,0,0,0,0,0,0,0,0,0,0,0,1,0,0,0,0,0,0,0,0,0,0,0,1,1,0,0,0,0,0,1,0,0,0,0,0,0,0,0,1,1,1,0,0,0,0,0,0,0,0,1,0,1,1,0,0,1,0
424,Lakota,2,tablet,y,B,1,B,5,9,10,0,0,5,5,984,213,51.17370892,68.29268293,31.70731707,0,41,0,1,1,1,1,1,1,1,1,1,0,0,0,0,0,0,0,0,0,0,0,0,0,0,0,0,0,0,0,0,1,1,1,1,1,1,0,1,0,1,1,1,0,0,0,0,0,0,0,0,0,0,0,0,0,0,0,0,0,0,0,0,0,0,0,0,0,0,0,0,0,0,0,0,0,0,0,0,0,0,0,0,1,1,1,0,0,0,0,1,0,0,0,0,0,0,0,0,0,0,0
425,Lakota,2,tablet,y,B,4.5,,null,4,8.5,0,8,,2,790,91,92.30769231,78.04878049,12.19512195,9.756097561,41,0,0,0,0,1,0,0,0,0,1,0,1,0,0,0,0,0,0,0,0,0,0,0,0,1,0,0,0,0,0,1,1,0,0,1,1,1,1,1,0,0,0,0.5,0.5,0.5,0,0,0,0,0,0,0,0,0,0,0,0,0,0,0,0,1,0,0,0,0,0,0,0,0,1,1,1,0,0,0,0,0,1,1,1,1,,,,,,,,,,,,,,,,,,,
426,Lakota,2,tablet,y,A,1,A,2,5,6,0,7,9,2,799,129,93.02325581,70.73170732,29.26829268,0,41,0,1,0,0,1,0,0,0,1,0,1,1,0,0,0,0,0,0,0,0,0,0,0,0,0,0,0,0,0,0,1,0,1,1,1,1,0,0,1,0,0,0,0,0,0,0,0,0,0,0,0,0,0,0,0,0,0,0,0,0,1,1,0,0,1,0,1,1,0,0,0,0,0,0,0,0,0,0,1,1,0,0,1,1,1,0,1,1,1,1,1,0,0,0,0,0,0,0,0,0,0
429,Lakota,2,tablet,y,A,12,A,-2,0,12,0,2,0,3,875,221,87.78280543,41.46341463,39.02439024,19.51219512,41,0,0,0,0,0,0,0,0,0,0,0,0,0,0,0,0,0,0,0,0,0,0,0,0,0,0,0,0,0,0,0,1,1,1,1,1,1,1,1,1,1,1,0,0,0,0,0,0,0,0,0,0,0,0,1,0,0,0,0,0,0,0,0,0,0,0,0,0,0,0,0,0,0,0,1,0,0,1,0,0,0,0,0,0,0,0,0,0,0,0,0,0,0,0,0,0,0,0,0,0,0
430,Lakota,2,tablet,y,A,10,B,10,3,13,0,0,10,0,793,84,73.80952381,24.3902439,70.73170732,4.87804878,41,0,0,1,1,1,0,0,0,0,0,0,0,0,0,0,0,0,0,0,0,0,0,0,0,0,0,0,0,0,0,1,1,1,1,1,1,1,1,1,1,1,1,0,0,0,0,0,0,0,0,0,0,0,0,1,0,0,0,0,0,0,0,0,0,0,0,0,0,0,0,0,0,0,0,0,0,0,0,0,0,0,0,1,1,1,1,1,0,0,1,1,1,0,0,0,0,0,0,0,0,0
431,Lakota,2,tablet,y,A,5,A,3,6,11,0,3,6,1,1234,268,67.1641791,88.0952381,9.523809524,2.380952381,42,0,1,1,1,1,0,0,0,1,1,0,0,0,0,0,0,0,0,0,0,0,0,0,0,0,0,0,0,0,0,1,1,1,1,1,1,0,1,0,1,1,1,1,0,0,0,0,0,0,0,0,0,0,0,0,0,0,0,0,0,1,1,0,0,0,1,0,0,0,0,0,0,0,0,0,0,0,0,0,0,0,0,1,1,1,0,0,0,0,0,0,0,1,0,1,1,0,0,0,0,0
432,Lakota,2,tablet,y,B,10,B,-1,3,13,0,6,5,2,1251,257,86.38132296,80.48780488,17.07317073,2.43902439,41,0,1,0,0,1,0,0,0,0,0,0,1,0,0,0,0,0,0,0,0,0,0,0,0,0,0,0,0,0,0,1,0,1,1,1,1,1,1,1,1,1,1,1,0,0,0,0,0,0,0,0,0,0,0,0,0,0,0,1,0,1,1,0,1,0,1,0,0,0,0,0,0,0,1,0,1,0,0,0,0,0,0,1,1,1,1,1,0,0,0,0,0,0,0,0,0,0,0,0,0,0
433,Lakota,2,tablet,y,B,7,B,2,4,11,0,0,2,0,463,65,87.69230769,9.756097561,19.51219512,70.73170732,41,0,0,0,0,1,0,0,0,0,1,0,1,0,0,0,0,0,0,0,0,0,0,0,0,1,0,0,0,0,0,1,0,1,1,1,1,1,1,0,1,0,0,0,0,0,0,0,0,0,0,0,0,0,0,1,0,1,1,0,0,0,0,0,0,0,0,0,0,0,0,0,0,0,0,0,0,0,0,0,0,0,0,0,0,0,0,0,0,0,0,0,0,0,0,0,0,0,0,0,0,0
434,Lakota,2,tablet,,A,5,A,0,9,14,0,4,4,0,874,173,76.87861272,71.42857143,26.19047619,2.380952381,42,0,0,1,1,1,1,0,0,1,1,0,0,0,0,0,0,0,0,0,0,0,0,0,0,1,0,1,1,0,0,1,1,1,1,1,1,0,1,1,1,1,1,0,0,0,0,0,0,0,0,0,0,0,0,1,0,1,1,0,0,1,1,1,0,0,0,1,0,0,0,0,0,0,0,0,0,0,0,0,0,0,0,1,1,1,0,0,0,0,0,0,0,0,0,0,0,0,0,0,0,0
435,Lakota,2,tablet,y,A,6.5,B,-1,1,7.5,0,1,0,1,547,97,82.4742268,58.53658537,36.58536585,4.87804878,41,0,0,0,0,0,0,0,0,0,0,0,1,0,0,0,0,0,0,0,0,0,0,0,0,0,0,0,0,0,0,1,1,1,1,0,1,1,0,0,0,0,1,0,0.5,0,0,0,0,0,0,0,0,0,0,0,0,0,0,0,0,0,0,0,0,0,0,1,0,0,0,0,0,0,0,0,0,0,0,0,0,0,0,0,0,0,0,0,0,0,0,0,0,0,0,0,0,0,0,0,0,0
436,Lakota,2,tablet,,A,4,B,6,4,8,0,3,9,1,1129,252,94.04761905,92.85714286,7.142857143,0,42,1,0,0,0,1,0,0,0,0,0,0,1,0,0,0,0,0,0,0,0,0,0,0,0,1,0,0,0,0,0,0,0,1,1,1,1,0,0,0,1,1,0,1,0.5,0.5,0,0,0,0,0,0,0,0,0,0,0,0,0,0,0,0,0,0,0,1,0,0,0,0,0,0,0,0,1,0,1,0,0,0,0,0,0,1,0,1,0,1,0,0,1,1,1,1,0,0,1,1,0,0,0,0
437,Lakota,2,tablet,y,B,2.5,A,4,8,10.5,0,1,5,0,1287,199,93.96984925,88.0952381,11.9047619,0,42,0,0,1,1,1,1,0,0,1,1,1,1,0,0,0,0,0,0,0,0,0,0,0,0,0,0,0,0,0,0,0,0,1,1,1,1,1,1,1,1,1,1,0.5,0,0,0,0,0,0,0,0,0,0,0,0,0,0,0,0,0,0,0,0,0,0,0,0,0,0,0,0,0,0,0,0,0,0,0,0,0,1,0,1,1,1,0,0,0,0,0,0,0,0,0,0,0,0,0,0,1,0
438,Lakota,2,tablet,y,A,3,,null,7,10,0,,5,1,1051,132,68.18181818,33.33333333,0,66.66666667,42,0,0,1,1,1,0,0,0,1,1,1,0,0,0,0,0,0,0,0,0,0,0,0,0,1,0,0,0,0,0,1,1,1,0,0,1,1,1,1,0,0,1,0.5,0.5,0,0,0,0,0,0,0,0,0,0,1,0,0,0,0,0,,,,,,,,,,,,,,,,,,,,,,,1,1,1,0,0,0,0,0,0,0,0,0,0,0,0,0,0,0,0
439,Lakota,2,tablet,y,B,-0.5,A,2,13,12.5,0,2,4,0,1897,299,96.32107023,95.12195122,4.87804878,0,41,1,1,1,1,1,1,1,1,1,1,1,1,0,0,0,0,0,0,0,0,0,0,0,0,1,0,0,0,0,0,1,1,1,1,1,1,1,1,1,1,1,1,0,0,0,0,0,0,0,0,0,0,0,0.5,0,0,0,0,0,0,0,0,1,0,0,1,0,0,0,0,0,0,0,0,0,0,0,0,0,0,0,0,1,1,1,0,0,1,0,0,0,0,0,0,0,0,0,0,0,0,0
440,Lakota,2,tablet,y,A,10.5,A,1,3,13.5,0,5,6,2,898,182,88.46153846,83.33333333,11.9047619,4.761904762,42,1,1,0,1,0,0,0,0,0,0,0,0,0,0,0,0,0,0,0,0,0,0,0,0,0,0,0,0,0,0,1,0,0,1,1,1,0,1,1,1,1,1,0.5,0,0,0,0,0,0,0,0,0,0,0,1,0,1,1,1,0,0,0,0,0,0,0,0,0,1,1,0,0,0,0,0,0,0,0,0,1,1,1,1,1,1,0,0,0,0,0,0,0,0,0,0,0,0,0,0,1,0
5401,Lakota,1,paper,y,b,6,B,10.5,11,17,0,8,18.5,0,404,160,83.75,70.96774194,29.03225806,0,31,0,0,1,1,1,1,1,1,1,1,1,1,0,0,0,0,0,0,0,0,0,0,0,0,1,0,0,0,0,0,1,1,1,1,1,1,1,1,1,1,1,1,1,0,0,0,0,0,0,0,0,0,0.5,0.5,0,0,1,1,1,0,1,1,1,1,0,0,1,1,0,0,0,0,0,0,0,0,0,0,1,1,0,0,1,1,1,1,1,1,1,1,1,1,1,1,1,1,1,0,0,0.5,0
5402,Lakota,1,paper,y,a,5,A,1,14,19,0,13,14,3,392,258,93.02325581,80,14.54545455,5.454545455,55,1,1,1,1,1,1,1,1,1,0,1,1,0,0,0,0,0,0,0,0,0,0,0,0,1,0,1,1,0,0,1,1,1,1,1,1,1,1,1,1,1,1,1,0,1,0,0,0,0,0,0,0,0,0,1,0,1,1,1,1,1,1,1,0,0,1,1,1,0,0,1,1,1,1,0,0,0,0,1,1,0,1,1,0,1,0,1,0,1,1,1,1,1,1,1,0,0,1,0,0,0
5403,Lakota,1,paper,y,b,-1.5,A,3,10,8.5,0,7,10,1,286,164,79.26829268,80.95238095,19.04761905,0,42,0,1,1,1,1,1,0,0,1,1,1,1,0,0,0,0,0,0,0,0,0,0,0,0,1,0,0,0,0,0,1,0,1,1,0,1,1,1,0,1,1,0,0.5,0,0,0,0,0,0,0,0,0,0,0,0,0,0,0,0,0,1,1,1,0,1,0,0,0,0,0,0,0,0,1,0,0,1,1,0,0,0,0,1,1,1,0,0,1,1,1,0,0,0,0,0,0,0,0,0,0,1
5404,Lakota,1,paper,y,b,4,B,11,7,11,0,3,14,0,274,399,61.65413534,83.33333333,16.66666667,0,42,0,0,0,0,1,1,0,0,1,1,1,1,1,0,0,0,0,0,0,0,0,0,0,0,0,0,0,0,0,0,1,1,0,0,1,1,1,1,1,1,1,1,1,0,0,0,0,0,0,0,0,0,0,0,0,0,0,0,0,0,0,0,0,0,0,0,0,0,0,0,1,1,1,0,0,0,0,0,0,0,0,0,1,1,1,0,1,0,0,1,1,1,1,0,0,0,0,1,1,1,1
5405,Lakota,1,paper,y,a,2,A,1.5,9,11,0,0.5,2,1,322,107,77.57009346,76.74418605,16.27906977,6.976744186,43,1,0,1,1,1,1,1,0,1,0,0,1,0,0,0,0,0,0,0,0,0,0,0,0,0,0,1,0,0,0,1,1,1,1,1,1,1,1,1,0,0,1,0,0.5,0,0,0,0,0,0,0,0,0.5,0,0,0,0,0,0,0,0,0,0,0,0,0,0.5,0,0,0,0,0,0,0,0,0,0,0,0,0,0,0,1,0,1,0,0,0,0,0,0,0,0,0,0,0,0,0,0,0,0
5406,Lakota,1,paper,y,b,7,B,3,5,12,0,2,5,1,335,219,79.45205479,78.57142857,21.42857143,0,42,1,0,0,0,1,0,0,0,0,1,1,1,0,0,0,0,0,0,0,0,0,0,0,0,0,0,0,0,0,0,1,1,1,1,1,1,1,1,1,1,1,1,0,0,0,0,0,0,0,0,0,0,0,0,0,0,0,0,0,0,0,0,0,0,0,0,0,0,0,0,0,0,0,0,0,0,0,0,1,1,0,0,0,0,1,0,0,0,0,0,0,0,0,0,0,0,0,1,1,0,0
5407,Lakota,1,paper,,b,-0.5,B,0,13,12.5,0,7,7,2,333,395,80.25316456,93.02325581,6.976744186,0,43,1,1,1,1,1,1,0,0,1,1,1,1,0,0,0,0,0,0,0,0,0,0,0,0,1,0,1,1,0,0,1,1,1,1,1,1,1,1,1,1,1,1,0.5,0,0,0,0,0,0,0,0,0,0,0,0,0,0,0,0,0,1,1,0,0,0,0,1,1,0,0,0,0,0,0,0,1,0,0,1,1,0,0,1,1,1,0,0,0,0,0,0,0,0,0,0,0,0,1,1,0,0
5408,Lakota,1,paper,y,b,16,B,12,5,21,0,6,18,2,282,114,76.31578947,83.33333333,14.28571429,2.380952381,42,0,0,1,0,0,0,1,1,1,0,1,0,0,0,0,0,0,0,0,0,0,0,0,0,0,0,0,0,0,0,1,1,1,1,1,1,1,1,1,1,1,1,1,0,0,1,1,1,1,1,1,1,0.5,0.5,0,0,0,0,0,0,1,1,1,0,0,1,0,0,0,0,0,0,0,0,0,0,0,0,1,1,0,0,1,1,1,1,1,1,0,1,1,1,1,0,0,1,1,1,1,1,0
5409,Lakota,1,paper,y,a,16,B,4,5,21,0,6,10,1,255,247,74.49392713,100,0,0,31,0,1,1,0,1,0,0,0,0,1,0,0,0,0,0,0,0,0,0,0,0,0,0,0,1,0,0,0,0,0,1,0,1,1,1,1,1,1,1,1,1,1,0,0,0,1,1,1,1,1,1,1,0.5,0.5,0,0,1,1,0,0,0,0,0,0,0,0,0,0,0,0,1,1,1,1,0,0,0,1,0,0,1,0,1,1,1,0,0,1,0,0,0,0,1,0,0,1,1,1,0,1,0
5410,Lakota,1,paper,y,b,2.5,B,5,10,12.5,0,5,10,0,311,247,90.28340081,90.56603774,9.433962264,0,53,0,0,1,1,1,1,0,0,1,1,1,1,0,0,1,0,0,0,0,0,0,0,0,0,0,0,0,0,1,0,1,1,1,1,1,1,1,1,1,1,1,1,0.5,0,0,0,0,0,0,0,0,0,0,0,0,0,0,0,0,0,0,0,0,0,0,0,0,0,0,0,1,1,1,1,0,1,0,0,0,0,0,0,1,0,1,1,0,1,0,1,1,1,0,0,1,0,0,0,0,1,0
5411,Lakota,1,paper,,a,5,A,0,3,8,0,1,1,2,28,138,94.20289855,76.19047619,21.42857143,2.380952381,42,0,0,0,0,0,0,0,0,0,0,0,1,0,0,0,0,0,0,0,0,0,0,0,0,0,0,1,1,0,0,1,1,0,1,0,1,1,1,0,0,0,1,0,0,0,0,0,0,0,0,0,0,0,0,1,0,0,0,0,0,0,0,0,0,0,0,0,0,0,0,1,0,0,0,0,0,0,0,0,0,0,0,0,0,0,0,0,0,0,0,0,0,1,0,0,0,0,0,0,0,0
5412,Lakota,1,paper,y,b,0.5,B,11,11,11.5,0,9,20,0,188,128,92.96875,71.42857143,0,28.57142857,42,0,0,1,1,1,1,1,1,1,1,1,1,0,0,0,0,0,0,0,0,0,0,0,0,1,0,0,0,0,0,1,1,1,1,1,1,1,1,1,1,1,0,0.5,0,0,0,0,0,0,0,0,0,0,0,0,0,0,0,0,0,1,1,1,0,0,0,0,0,0,0,1,1,1,0,0,0,0,0,1,1,1,0,1,1,,10,0,1,0,1,1,1,0,0,0,1,0,0,0,0,0
5413,Lakota,1,paper,y,a,1,A,-3,12,13,0,4,1,2,212,105,56.19047619,84.90566038,9.433962264,5.660377358,53,1,1,1,1,1,1,1,1,1,1,1,1,0,0,0,0,0,0,0,0,0,0,0,0,0,0,0,0,0,0,1,1,1,1,1,1,1,1,1,1,1,1,0,0.5,0.5,0,0,0,0,0,0,0,0,0,0,0,0,0,0,0,1,1,1,0,0,0,0,0,0,0,0,0,1,0,0,0,0,0,0,0,0,0,0,0,0,0,0,0,0,0,0,0,0,0,0,0,0,0,0,1,0
5414,Lakota,1,paper,y,b,9,A,1,1,10,0,0,1,0,142,22,45.45454545,68.29268293,29.26829268,2.43902439,41,0,0,0,0,1,0,0,0,0,0,0,0,0,0,0,0,0,0,0,0,0,0,0,0,0,0,0,0,0,0,0,1,1,1,1,1,1,1,0,0,0,1,0,0,0,0,0,0,0,0,0,0,0,0,0,0,1,1,0,0,0,0,0,0,0,0,0,0,0,0,0,0,0,0,0,0,0,0,0,0,0,0,0,0,0,0,0,0,0,0,0,0,0,0,0,0,0,1,0,0,0
5415,Lakota,1,paper,y,a,5,A,13,10,15,0,6,19,0,446,426,81.92488263,93.5483871,6.451612903,0,31,0,0,1,1,1,1,0,0,1,1,1,1,0,0,0,0,0,0,0,0,0,0,0,0,1,0,0,0,1,0,1,1,1,1,1,1,1,1,1,1,1,1,1,0,0,0,0,0,0,0,0,0,0,0,1,0,0,0,1,0,1,0,0,1,0,1,0,0,0,0,0,0,0,1,0,0,0,0,1,1,0,0,1,1,1,0,0,1,1,1,1,1,1,1,1,1,1,1,1,1,0
5416,Lakota,1,paper,y,b,5,,null,13,18,0,,18,0,371,401,86.28428928,83.72093023,11.62790698,4.651162791,43,1,0,1,1,1,1,1,1,1,1,1,1,1,0,0,0,0,0,0,0,0,0,0,0,1,0,0,0,0,0,1,0,1,1,1,1,1,1,1,1,1,1,1,1,1,0,0,0,0,0,0,0,1,1,0,0,1,1,0,0,,,,,,,,,,,,,,,,,,,,,,,1,1,1,1,1,1,1,1,1,1,1,0,0,1,0,1,1,1,0
5417,Lakota,1,paper,y,a,5,B,1,11,16,0,9,10,3,355,135,86.66666667,76.74418605,18.60465116,4.651162791,43,0,0,1,1,1,1,1,1,1,1,1,1,0,0,0,0,0,0,0,0,0,0,0,0,1,0,0,0,0,0,1,1,1,1,1,1,1,1,1,1,1,1,1,0,0,0,0,0,0,0,0,0,0,0,1,0,1,1,0,0,1,1,1,0,0,0,0,0,0,0,1,1,1,1,0,1,0,0,1,0,0,0,1,1,1,0,0,0,0,1,1,1,0,0,0,0,0,1,1,1,0
5418,Lakota,1,paper,y,a,-1,A,7,12,11,0,3,10,0,0,0,null,90.47619048,7.142857143,2.380952381,42,1,1,1,1,1,1,1,1,1,1,1,1,0,0,0,0,0,0,0,0,0,0,0,0,0,0,0,0,0,0,0,0,1,1,1,1,1,0,1,1,1,1,0,0,1,0,0,0,0,0,0,0,0,0,1,0,0,0,0,0,0,1,1,0,0,0,0,0,0,0,0,0,0,0,0,0,0,0,1,0,0,0,1,1,1,0,1,0,0,1,1,1,1,1,0,0,0,0,0,0,0
5419,Lakota,1,paper,y,a,10.5,B,9,7,17.5,0,2,11,2,358,178,88.76404494,95.23809524,4.761904762,0,42,0,0,1,1,1,1,0,1,0,0,0,1,0,0,0,0,0,0,0,0,0,0,0,0,0,0,0,0,1,0,1,1,1,1,1,1,1,1,1,1,1,0,1,0.5,0,0,0,0,0,0,0,0,1,0,1,1,1,1,0,0,1,1,0,0,0,0,0,0,0,0,0,0,0,0,0,0,0,0,0,0,0,0,0,1,0,0,0,1,0,1,1,1,1,1,1,0,0,1,0,1,0
5420,Lakota,1,paper,y,a,6.5,B,1,6,12.5,0,7,8,2,246,275,81.81818182,83.72093023,16.27906977,0,43,1,0,1,1,1,1,0,0,0,1,0,0,0,0,0,0,0,0,0,0,0,0,0,0,0,0,0,0,0,0,0,1,1,1,1,1,1,1,1,1,1,1,0.5,0,0,0,0,0,0,0,0,0,0,0,0,0,0,0,1,0,1,1,0,0,0,0,1,1,0,0,0,0,0,1,0,1,0,0,1,0,0,0,1,1,1,1,1,0,0,0,0,0,0,0,0,0,0,0,0,0,0
5422,Lakota,1,paper,y,a,5,A,1,10,15,0,12,13,0,489,278,81.29496403,86.04651163,9.302325581,4.651162791,43,1,0,1,1,1,1,0,1,0,1,1,0,0,0,0,0,0,0,0,0,0,0,0,0,0,0,1,1,0,0,1,1,1,1,1,1,1,1,1,1,1,1,1,0,0,0,0,0,0,0,0,0,0,0,1,0,0,1,0,0,0,0,1,1,1,1,1,1,0,0,1,1,0,0,0,1,1,0,1,1,0,0,0,0,1,0,0,1,0,1,1,1,1,1,1,0,0,1,1,0,1
5423,Lakota,1,paper,,b,6.5,B,1,6,12.5,0,1,2,0,168,61,85.24590164,68.29268293,26.82926829,4.87804878,41,0,0,1,1,1,0,0,0,0,1,0,1,0,0,0,0,0,0,0,0,0,0,0,0,1,0,0,0,0,0,1,1,1,1,1,1,1,1,1,1,1,1,0.5,0,0,0,0,0,0,0,0,0,0,0,0,0,0,0,0,0,0,0,0,0,0,0,0,0,0,0,0,0,0,0,0,0,0,0,1,0,0,0,1,0,1,0,0,0,0,0,0,0,0,0,0,0,0,0,0,0,0
5424,Lakota,1,paper,y,a,-3,B,3,16,13,0,4,7,2,46,71,69.01408451,68.29268293,31.70731707,0,41,1,1,1,1,1,1,1,1,0,1,1,1,0,0,0,0,0,0,0,0,0,0,0,0,1,0,1,1,1,1,1,1,1,1,1,1,0,1,1,1,1,1,0,0.5,0.5,0,0,0,0,0,0,0,0,0,0,0,1,0,0,0,0,0,1,0,0,0,0,0,1,0,0,0,0,1,0,0,0,1,0,0,0,0,0,0,0,0,0,0,0,1,1,1,1,0,0,1,0,0,0,0,0
5425,Lakota,1,paper,y,a,12.5,A,8,4,16.5,0,3,11,2,191,74,74.32432432,82.92682927,17.07317073,0,41,0,0,1,1,0,0,0,0,0,1,0,0,0,0,0,0,0,0,0,0,0,0,0,0,1,0,0,0,0,0,1,1,1,1,1,1,0.5,1,1,1,1,1,0,0,0,0,0,0,0,0,0,0,0,0,1,1,1,1,1,0,0,1,0,0,0,0,0,0,0,0,0,0,0,0,0,0,0,0,1,0,1,0,0,0,1,0,0,1,0,1,1,1,1,1,1,0,0,0,0,0,0
192,Hamilton,2,tablet,y,A,13,A,8,4,17,0,7,15,2,568,670,98.65671642,86.76470588,7.352941176,5.882352941,68,0,0,0,0,1,0,1,1,0,0,0,1,0,0,0,0,0,0,0,0,0,0,0,0,0,0,0,0,0,0,1,1,1,1,1,1,1,1,1,1,1,1,1,0,0,0,0,0,0,0,0,0,0,0,1,1,0,0,1,1,1,1,0,1,0,0,0,0,1,0,0,0,0,1,0,1,1,0,0,0,0,0,1,1,0,0,0,1,1,1,1,1,1,1,1,1,1,1,1,1,0
193,Hamilton,2,tablet,y,B,3,A,-1,5,8,0,6,5,5,228,479,94.98956159,94.11764706,1.470588235,4.411764706,68,1,0,1,1,1,0,0,0,0,0,0,1,0,0,0,0,0,0,0,0,0,0,0,0,0,0,0,0,0,0,0,0,1,1,1,0,0,1,0,0,0,1,0,0,0,0,0,0,0,0,0,0,0,0,0,0,1,1,1,0,1,1,1,1,0,0,1,1,0,0,0,0,0,0,0,0,0,0,0,0,0,0,0,0,0,0,0,1,1,1,1,1,0,0,0,0,0,0,0,0,0
195,Hamilton,2,tablet,,B,3,B,2,13,16,0,11,13,2,670,734,97.68392371,82.35294118,7.352941176,10.29411765,68,1,1,1,1,1,1,0,0,1,1,1,1,0,0,0,0,0,0,0,0,0,0,0,0,1,1,0,0,1,0,1,1,1,1,1,1,1,1,1,1,1,1,0,0,0,0,0,0,0,0,0,0,0,0,1,1,0,0,1,1,1,1,1,0,0,0,1,1,0,0,0,0,0,1,1,1,1,1,0,1,0,0,1,1,1,0,0,1,0,1,0,1,1,0,1,1,1,0,0,1,0
196,Hamilton,2,tablet,y,A,4,A,3,7,11,0,9,12,0,268,659,97.42033384,45.58823529,4.411764706,50,68,1,0,1,1,1,0,1,1,0,0,1,0,0,0,0,0,0,0,0,0,0,0,0,0,0,0,0,0,0,0,1,1,1,1,1,1,1,0,1,1,1,1,0,0,0,0,0,0,0,0,0,0,0,0,0,0,0,0,0,0,1,1,1,0,0,0,0,0,0,0,1,1,1,1,0,0,1,0,0,0,1,0,1,1,1,0,0,1,0,1,1,1,0,0,0,0,0,1,1,1,0
197,Hamilton,2,tablet,y,B,15,A,-12,0,15,0,31,19,4,447,652,97.54601227,79.41176471,16.17647059,4.411764706,68,0,0,0,0,0,0,0,0,0,0,0,0,0,0,0,0,0,0,0,0,0,0,0,0,0,0,0,0,0,0,1,1,1,1,1,1,1,1,1,1,1,1,0,0,0,0,0,0,0,0,0,0,0,0,1,0,0,0,1,1,1,1,1,0,0,0,0,0,0,0,0,0,0,0,0,0,0,0,9,9,1,9,1,1,1,1,1,1,1,1,1,1,1,1,1,1,1,0,0,1,0
198,Hamilton,2,tablet,y,A,3,A,8,9,12,0,3,11,7,458,664,98.04216867,86.76470588,8.823529412,4.411764706,68,0,0,1,1,1,1,1,0,1,1,1,1,0,0,0,0,0,0,0,0,0,0,0,0,0,0,0,0,0,0,1,0,1,1,1,1,0,1,1,1,1,1,0,0,0,0,0,0,0,0,0,0,0,0,0,0,1,1,0,0,0,1,1,0,0,0,1,0,0,0,0,0,0,0,0,0,0,0,0,0,0,0,1,1,1,0,1,1,1,1,1,1,0,0,0,0,1,0,0,0,0
200,Hamilton,2,tablet,y,B,6,A,10,9,15,0,4,14,1,667,704,98.4375,82.35294118,11.76470588,5.882352941,68,0,1,1,1,1,1,0,0,1,0,1,1,0,0,0,0,0,0,0,0,0,0,0,0,1,0,0,0,0,0,1,1,1,1,1,1,1,1,1,1,1,1,1,0,0,0,0,0,0,0,0,0,0,0,0,0,0,0,1,1,1,1,1,0,0,0,0,0,0,0,0,0,0,0,0,0,0,0,1,0,0,0,1,1,1,1,1,1,1,1,1,1,0,0,0,0,0,0,0,1,0
201,Hamilton,2,tablet,y,B,2,B,8,13,15,0,8,16,2,929,704,98.72159091,75,16.17647059,8.823529412,68,1,1,1,1,1,1,1,1,1,1,1,0,0,0,0,0,0,1,0,0,0,0,0,0,1,0,0,0,0,0,1,1,1,1,1,1,1,1,1,1,1,1,0,0,0,0,0,0,0,0,0,0,0,0,0,0,1,1,1,0,1,1,0,0,1,0,1,0,0,0,1,1,1,1,0,0,0,0,0,0,0,0,1,1,1,1,0,1,1,1,1,1,1,1,1,1,1,0,0,0,0
202,Hamilton,2,tablet,y,A,0,A,10,13,13,0,5,15,2,413,554,97.6534296,86.76470588,13.23529412,0,68,1,1,1,1,1,1,1,1,1,1,1,1,0,0,0,0,0,0,0,0,0,0,0,0,1,0,0,0,0,0,0,1,1,1,1,1,1,1,1,1,1,1,1,0,0,0,0,0,0,0,0,0,0,0,0,0,0,1,0,0,1,1,1,0,0,0,0,0,0,0,0,0,0,0,0,0,0,0,1,1,0,0,1,1,1,0,1,1,1,1,1,1,1,0,0,1,0,0,0,1,0
204,Hamilton,2,tablet,y,B,13,A,6,10,23,0,10,16,4,521,646,98.76160991,76.47058824,20.58823529,2.941176471,68,0,0,1,1,1,1,1,1,1,1,1,1,0,0,0,0,0,0,0,0,0,0,0,0,0,0,0,0,0,0,1,1,1,1,1,1,1,0,1,1,1,1,1,1,1,1,0,0,0,0,0,0,1,1,1,1,1,1,1,1,1,1,1,0,0,0,0,1,1,1,0,0,0,1,0,0,1,0,1,1,0,0,1,1,1,0,0,1,1,1,1,1,1,1,1,1,1,0,0,1,0
206,Hamilton,2,tablet,y,B,8,A,12,14,22,0,9,21,2,574,697,96.41319943,72.05882353,17.64705882,10.29411765,68,1,1,1,1,1,1,1,1,1,1,1,1,0,0,0,0,0,0,0,0,0,0,0,0,1,0,1,0,0,0,0,9,1,1,1,1,1,1,1,1,1,1,0,0,0,0,0,0,0,0,0,0,0,0,1,1,0,0,1,0,1,1,1,1,0,1,1,1,0,1,0,0,0,0,0,0,0,0,0,0,1,0,1,1,1,1,1,1,1,1,1,1,1,1,1,1,1,1,1,1,0
207,Hamilton,2,tablet,y,B,-2,B,0,9,7,0,7,7,0,471,614,96.74267101,75,8.823529412,16.17647059,68,1,1,1,1,0,1,1,0,1,1,0,1,0,0,0,0,0,0,0,0,0,0,0,0,0,0,0,0,0,0,0,1,0,0,0,0,1,1,1,1,1,1,0,0,0,0,0,0,0,0,0,0,0,0,0,0,0,0,0,0,1,1,1,0,0,0,0,0,0,0,1,1,1,1,0,0,0,0,0,0,0,0,0,1,0,0,0,0,0,1,1,1,0,0,0,1,0,0,0,0,0
208,Hamilton,2,tablet,y,Absent,null,B,4,,27,0,13,17,0,551,521,98.84836852,89.70588235,4.411764706,5.882352941,68,,,,,,,,,,,,,,,,,,,,,,,,,,,,,,,1,0,1,1,1,1,1,1,1,1,1,1,1,1,1,1,1,1,1,1,1,1,1,1,1,1,0,0,1,1,1,1,1,1,1,1,1,1,1,1,1,1,1,0,0,0,0,0,0,0,0,0,1,1,1,1,1,1,1,1,1,1,0,0,1,0,0,1,1,1,0
210,Hamilton,2,tablet,y,B,9,B,-1,6,15,0,17,16,5,411,698,97.56446991,76.47058824,11.76470588,11.76470588,68,1,0,0,0,1,0,1,0,0,0,0,1,0,0,0,0,0,0,0,0,0,0,0,0,0,0,1,1,0,0,1,1,1,1,1,1,1,1,1,1,1,1,1,0,0,0,0,0,0,0,0,0,0,0,0,0,1,1,0,0,1,1,1,1,1,1,0,0,1,1,1,1,1,1,0,1,1,0,1,1,1,0,1,1,1,0,1,1,1,1,1,1,1,1,1,1,1,0,0,1,1
211,Hamilton,2,tablet,y,A,4,A,1,13,17,0,19,20,2,629,642,97.33959311,88.23529412,7.352941176,4.411764706,68,1,1,1,1,1,1,1,1,1,1,1,1,0,0,0,0,0,0,0,0,0,0,0,0,1,0,0,0,0,0,1,1,1,1,1,1,1,1,1,1,1,1,1,0,0,0,0,0,0,0,0,0,0,0,0,0,1,1,1,1,1,1,1,1,0,1,1,1,1,1,1,1,1,1,0,1,1,0,1,1,1,1,1,1,1,1,1,1,1,1,1,1,1,1,1,1,1,1,0,1,0
212,Hamilton,2,tablet,y,A,7,B,2,9,16,0,12,14,3,541,685,96.49635036,85.29411765,8.823529412,5.882352941,68,0,0,1,1,1,1,0,0,1,1,1,1,1,0,0,0,0,0,0,0,0,0,0,0,0,0,0,0,0,0,1,1,1,1,1,1,1,1,1,1,1,1,0,0,0,0,0,0,0,0,0,0,0,0,1,1,0,0,1,1,1,1,0,0,1,1,0,1,1,1,1,1,1,1,0,0,0,0,0,1,0,0,1,0,1,0,1,1,1,1,1,1,1,1,1,0,0,0,0,1,0
213,Hamilton,2,tablet,y,A,2,B,1,12,14,0,18,19,0,981,694,99.13544669,72.05882353,17.64705882,10.29411765,68,1,1,1,1,1,1,1,1,1,1,1,1,0,0,0,0,0,0,0,0,0,0,0,0,0,0,0,0,0,0,1,1,1,1,1,1,1,1,1,1,1,1,0,0,0,0,0,0,0,0,0,0,0,0,0,0,1,1,0,0,1,1,1,1,0,1,1,1,1,1,1,1,1,1,0,1,1,0,1,1,1,0,1,1,1,1,1,1,1,1,1,1,1,1,1,1,1,0,0,1,0
214,Hamilton,2,tablet,,B,5,B,5,5,10,0,3,8,2,470,645,98.13953488,88.23529412,5.882352941,5.882352941,68,0,0,1,1,1,0,0,0,0,0,0,1,0,0,0,0,0,0,0,0,0,0,0,0,1,0,0,0,0,0,1,0,1,1,1,1,1,0,1,1,1,1,0,0,0,0,0,0,0,0,0,0,0,0,0,0,0,0,0,0,0,1,0,0,0,1,0,0,0,0,0,1,0,0,0,0,0,0,0,0,0,0,1,1,1,0,0,0,0,1,1,1,0,0,1,0,0,0,0,1,0
215,Hamilton,2,tablet,y,B,6,B,12,12,18,0,3,15,2,241,566,98.58657244,88.23529412,7.352941176,4.411764706,68,0,1,1,1,1,1,1,1,1,1,1,1,0,0,0,0,0,0,0,0,0,0,0,0,1,0,0,0,0,0,1,1,1,1,1,1,1,1,1,1,1,1,0,1,1,0,0,0,0,0,0,0,1,1,1,1,0,0,0,0,1,1,0,0,0,0,0,0,0,0,0,0,0,0,0,0,0,0,0,1,0,0,1,0,1,1,1,1,1,1,1,1,0,0,0,0,0,1,1,1,0
217,Hamilton,5,tablet,y,A,9,A,15,5,14,0,0,15,6,382,550,95.63636364,63.63636364,21.21212121,15.15151515,99,0,0,1,0,1,0,0,1,0,0,0,1,0,0,0,0,0,0,0,0,0,0,0,0,1,0,0,0,0,0,1,1,1,1,1,1,1,1,1,1,0,0,0,0,0,0,0,0,0,0,0,0,0,0,0,0,1,1,1,1,0,0,0,0,0,0,0,0,0,0,0,0,0,0,0,0,0,0,0,0,0,0,1,1,1,0,0,1,1,1,1,1,1,0,0,1,1,0,0,1,0
218,Hamilton,5,tablet,y,B,9,,null,13,22,0,,16,4,506,616,99.35064935,80.6122449,16.32653061,3.06122449,98,1,1,1,1,1,1,1,1,1,1,1,1,1,0,0,0,0,0,0,0,0,0,0,0,0,0,0,0,0,0,1,1,1,1,1,1,1,1,1,1,1,1,0,1,1,0,0,0,0,0,0,0,1,1,1,1,1,1,1,1,,,,,,,,,,,,,,,,,,,,,,,1,1,1,1,1,0,1,1,1,1,1,0,0,0,0,1,1,1,0
219,Hamilton,5,tablet,y,A,6,A,9,9,15,0,1,10,6,378,330,95.75757576,73.73737374,5.050505051,21.21212121,99,0,1,1,1,1,1,0,0,1,1,1,0,0,0,0,0,0,0,0,0,0,0,0,0,1,0,0,0,0,0,1,1,1,1,1,1,0,0,1,0,0,1,0,1,1,0,0,0,0,0,0,1,1,1,0,0,1,1,0,0,0,0,0,0,0,0,0,0,0,0,0,0,0,0,0,0,0,0,0,0,1,0,1,1,1,1,0,0,0,1,1,1,0,0,0,0,0,0,0,1,0
220,Hamilton,5,tablet,,B,22,A,7,1,23,0,5,12,2,329,431,96.51972158,91.91919192,4.04040404,4.04040404,99,1,0,0,0,0,0,0,0,0,0,0,0,0,0,0,0,0,0,0,0,0,0,0,0,0,0,0,0,0,0,1,1,1,1,0,0,1,0,1,1,1,1,1,1,1,1,1,1,1,1,1,1,1,1,1,1,0,0,0,0,1,1,0,0,0,0,0,0,0,0,1,1,1,0,0,0,0,0,0,0,0,0,1,1,1,0,1,0,0,1,1,1,0,0,1,1,1,0,0,1,0
222,Hamilton,5,tablet,y,A,6,B,7,9,15,0,9,16,0,507,635,99.37007874,80.8988764,8.988764045,10.11235955,89,1,1,0,0,0,0,1,1,1,1,1,1,0,0,0,0,0,0,0,0,0,0,0,0,1,0,0,0,0,0,1,1,1,1,1,1,1,1,1,1,1,1,1,0,0,0,0,0,0,0,0,0,0,0,1,0,1,0,0,0,1,1,1,0,0,1,0,0,0,0,1,1,1,1,0,0,0,0,0,1,0,0,1,1,1,1,1,0,1,1,1,1,1,1,1,0,0,0,0,1,0
223,Hamilton,5,tablet,y,B,11,A,5,8,19,0,13,18,1,533,488,94.67213115,53,14,33,100,0,1,1,1,1,1,0,0,1,1,1,0,0,0,0,0,0,0,0,0,0,0,0,0,0,0,0,0,0,0,1,1,1,1,1,1,1,1,1,1,1,1,1,0,0,0,0,0,0,0,0,0,0,0,1,1,1,1,1,1,1,1,1,0,0,0,1,1,1,1,1,1,1,1,0,1,1,0,0,0,0,0,1,1,1,1,1,1,1,1,1,1,0,0,0,1,1,1,1,1,0
224,Hamilton,5,tablet,y,A,9,B,3,13,22,0,16,19,0,869,683,97.51098097,82.82828283,8.080808081,9.090909091,99,1,1,1,1,1,1,1,1,1,1,1,1,1,0,0,0,0,0,0,0,0,0,0,0,0,0,0,0,0,0,1,1,1,1,1,1,1,1,1,1,1,1,1,0,0,1,1,1,1,1,1,1,0,0,0,0,0,0,1,1,1,1,1,0,0,0,1,1,1,1,1,1,1,1,0,1,1,0,1,1,1,0,1,1,1,1,1,1,1,1,1,1,1,1,1,1,1,0,0,1,0
225,Hamilton,5,tablet,y,A,6,B,6,13,19,0,13,19,0,925,698,98.56733524,77,13,10,100,1,1,1,1,1,1,1,1,1,1,1,1,1,0,0,0,0,0,0,0,0,0,0,0,0,0,0,0,0,0,1,1,1,1,1,1,0,1,1,1,1,1,0,1,1,0,0,0,0,0,0,0,1,1,0,0,1,1,1,1,1,1,1,0,0,0,1,1,0,0,1,1,1,0,1,0,1,1,1,1,0,0,1,1,1,1,1,1,1,1,1,1,1,0,1,1,0,1,1,1,0
226,Hamilton,5,tablet,y,B,5,B,11,10,15,0,8,19,2,505,499,98.19639279,56.56565657,35.35353535,8.080808081,99,1,1,1,1,1,1,0,0,1,1,1,1,0,0,0,0,0,0,0,0,0,0,0,0,0,0,0,0,0,0,1,1,1,1,1,1,1,1,1,1,1,1,1,1,0,0,0,0,0,0,0,0,1,0,0,0,0,0,0,0,1,1,1,0,1,0,1,1,0,0,0,0,0,0,0,0,0,0,1,1,0,0,1,1,1,1,1,1,1,1,1,1,1,0,1,1,1,1,1,1,0
228,Hamilton,5,tablet,y,B,7,B,6,11,18,0,11,17,2,841,637,100,94.94949495,2.02020202,3.03030303,99,1,1,1,1,1,1,1,1,1,0,1,1,0,0,0,0,0,0,0,0,0,0,0,0,0,0,0,0,0,0,1,1,1,1,1,1,1,1,1,1,1,1,0,0,0,0,0,0,0,0,0,0,0,0,1,1,1,1,1,1,0,0,1,0,0,0,1,1,1,1,1,1,1,0,1,0,1,0,0,1,0,0,1,1,1,1,1,1,1,1,1,1,1,0,0,1,1,0,0,1,0
229,Hamilton,5,tablet,y,A,3,,null,14,17,0,,22,1,616,623,98.39486356,70.70707071,10.1010101,19.19191919,99,1,1,1,1,1,1,1,1,1,1,1,1,1,0,0,0,0,0,0,0,0,0,0,0,1,0,0,0,0,0,1,1,1,1,1,1,1,1,1,1,1,1,1,0,0,0,0,0,0,0,0,0,0,0,1,1,1,1,0,0,,,,,,,,,,,,,,,,,,,,,,,1,1,1,1,1,1,1,1,1,1,1,1,1,1,1,1,1,1,1
230,Hamilton,5,tablet,y,A,7,B,11,3,10,0,3,14,2,337,575,96.86956522,78.78787879,19.19191919,2.02020202,99,0,1,0,0,1,0,1,0,0,0,0,0,0,0,0,0,0,0,0,0,0,0,0,0,0,0,0,0,0,0,1,1,1,1,0,1,0,1,0,0,1,1,1,0,0,0,0,0,0,0,0,0,0,0,1,0,0,0,0,0,0,0,0,0,0,0,0,0,0,0,1,1,1,0,0,0,0,0,0,0,0,0,1,1,1,1,1,0,0,1,1,1,1,0,1,1,1,0,0,1,0
231,Hamilton,5,tablet,y,B,16,B,5,7,23,0,14,19,5,802,669,98.80418535,75.75757576,11.11111111,13.13131313,99,1,1,0,0,0,0,0,1,1,1,1,1,0,0,0,0,0,0,0,0,0,0,0,0,0,0,0,0,0,0,1,1,1,1,1,1,1,1,1,1,1,1,0,0,0,1,1,1,1,1,1,1,0,0,1,1,1,1,0,0,1,0,1,1,0,1,0,0,0,1,1,1,1,1,1,1,1,0,1,1,0,0,1,1,1,0,0,1,1,1,1,1,1,1,1,1,1,1,1,1,1
232,Hamilton,5,tablet,y,A,8,B,2,9,17,0,18,20,3,756,709,100,97.97979798,1.01010101,1.01010101,99,0,1,1,1,1,1,0,0,1,1,1,1,0,0,0,0,0,0,0,0,0,0,0,0,0,0,0,0,0,0,1,1,1,1,1,1,0,0,1,1,1,1,1,1,1,0,0,0,0,0,0,0,0,0,1,1,1,1,0,0,1,1,1,1,1,1,1,1,1,1,1,1,1,1,0,1,1,0,1,1,0,0,1,1,1,1,1,1,0,1,1,1,1,1,1,1,1,1,1,1,0
233,Hamilton,5,tablet,y,B,5,A,13,2,7,0,2,15,2,263,465,97.6344086,75.75757576,12.12121212,12.12121212,99,0,0,0,0,1,0,0,0,0,0,0,1,0,0,0,0,0,0,0,0,0,0,0,0,0,0,0,0,0,0,0,1,1,1,1,1,0,0,0,1,0,0,0,1,0,0,0,0,0,0,0,0,0,0,0,0,0,0,0,0,1,1,0,0,0,0,0,0,0,0,0,0,0,0,0,0,0,0,0,0,0,0,1,1,1,0,0,1,1,1,1,1,1,1,1,1,0,1,1,1,0
234,Hamilton,5,tablet,,Absent,null,A,2,,17,0,7,9,0,563,617,99.02755267,83.83838384,8.080808081,8.080808081,99,,,,,,,,,,,,,,,,,,,,,,,,,,,,,,,1,1,1,1,1,1,1,1,1,1,1,0,0,1,1,0,0,0,0,0,0,0,1,1,0,0,0,0,1,1,1,1,1,1,0,0,1,1,1,0,0,0,0,0,0,0,0,0,0,0,0,0,1,1,1,0,0,0,0,1,1,1,1,0,0,0,0,0,0,1,0
235,Hamilton,5,tablet,,A,21,A,6,6,27,0,2,8,6,325,537,97.02048417,97,3,0,100,1,1,1,1,1,0,1,0,0,0,0,0,0,0,0,0,0,0,0,0,0,0,0,0,0,0,0,0,0,0,1,1,1,1,1,1,1,1,1,1,1,1,1,1,1,1,1,1,1,1,1,1,1,1,1,1,0,0,1,0,1,1,0,0,0,0,0,0,0,0,0,0,0,0,0,0,0,0,0,0,0,0,0,1,1,1,1,1,0,0,0,0,0,1,0,0,0,0,0,0,0
236,Hamilton,5,tablet,y,A,12,A,12,5,17,0,6,18,2,554,517,96.90522244,27.27272727,2.02020202,70.70707071,99,0,0,1,1,1,1,0,0,0,1,0,0,0,0,0,0,0,0,0,0,0,0,0,0,0,0,0,0,0,0,1,1,1,1,1,1,1,0,1,1,1,0,1,1,1,0,0,0,0,0,0,0,1,1,0,0,1,1,0,0,1,1,1,1,0,1,0,0,0,0,0,0,0,0,0,0,0,0,0,1,0,0,1,1,1,1,1,0,1,1,1,1,0,0,1,1,1,1,1,1,0
238,Hamilton,5,tablet,,B,15,B,0,10,25,0,11,11,1,653,658,97.11246201,88.88888889,4.04040404,7.070707071,99,0,0,1,1,1,1,0,0,1,1,1,1,0,0,0,0,0,0,0,0,0,0,0,0,0,0,0,0,1,1,0,0,1,1,1,1,1,1,1,1,1,1,0,1,1,1,1,1,1,1,1,1,1,1,1,1,0,0,1,1,1,1,1,0,0,0,1,1,0,1,1,1,1,1,0,1,0,0,0,0,0,0,1,1,1,0,0,0,1,1,1,1,0,1,0,0,1,0,0,1,0
239,Hamilton,5,tablet,y,A,16,B,6,11,27,0,13,19,1,703,694,99.13544669,72.72727273,11.11111111,16.16161616,99,1,0,1,1,1,1,1,1,1,1,1,1,0,0,0,0,0,0,0,0,0,0,0,0,0,0,0,0,0,0,0,1,1,1,1,1,1,1,1,1,1,1,1,1,1,0,1,1,1,1,1,1,1,1,1,0,1,1,1,1,0,1,1,0,0,0,0,0,1,1,1,1,1,1,0,0,1,1,1,1,1,0,1,1,1,1,1,1,1,1,1,1,1,0,0,1,1,1,1,1,0
240,Hamilton,5,tablet,y,B,16,A,6,11,27,0,13,19,5,767,695,99.71223022,92.85714286,3.06122449,4.081632653,98,0,0,1,1,1,1,1,0,1,1,1,1,1,0,0,0,0,0,0,0,0,0,0,0,1,0,0,0,0,0,1,1,1,1,1,1,1,1,1,1,1,1,1,1,1,1,1,1,1,1,1,1,1,1,0,0,0,1,1,1,1,1,1,1,1,0,1,1,1,1,1,1,1,0,0,0,0,0,0,0,1,0,1,1,1,1,1,1,1,1,1,1,1,1,1,1,1,0,0,1,0
241,Hamilton,5,tablet,,B,null,,,12,,0,,,0,5,0,null,null,null,null,0,1,1,1,1,1,1,1,1,1,1,1,1,0,0,0,0,0,0,0,0,0,0,0,0,0,0,0,0,0,0,,,,,,,,,,,,,,,,,,,,,,,,,,,,,,,,,,,,,,,,,,,,,,,,,,,,,,,,,,,,,,,,,,,,,,,
242,Hamilton,5,tablet,y,B,2,B,5,10,12,0,10,15,7,519,520,97.11538462,73.46938776,16.32653061,10.20408163,98,0,1,1,1,1,1,0,0,1,1,1,1,0,0,0,0,0,0,0,0,0,0,0,0,1,0,0,0,0,0,1,1,1,1,1,1,1,0,1,1,1,1,0,0,0,0,0,0,0,0,0,0,0,0,0,0,0,0,1,0,1,1,0,1,1,0,1,1,0,0,1,1,1,1,0,0,0,0,0,0,0,0,1,1,1,1,1,1,1,1,1,1,1,0,0,0,0,0,0,1,0
243,Hamilton,5,tablet,y,B,6,A,4,5,11,0,11,15,9,278,450,97.33333333,96.96969697,0,3.03030303,99,0,0,0,0,1,0,1,1,0,0,1,1,0,0,0,0,0,0,0,0,0,0,0,0,0,0,0,0,0,0,1,1,1,1,0,1,1,1,0,1,1,1,1,0,0,0,0,0,0,0,0,0,0,0,0,0,0,0,0,0,1,1,1,0,0,0,1,1,1,0,1,1,1,0,0,0,1,0,0,1,0,0,1,1,1,1,1,0,0,1,1,1,0,0,0,1,0,1,1,1,0
244,Hamilton,5,tablet,n,A,9,A,5,10,19,0,16,21,2,907,668,104.491018,92.92929293,5.050505051,2.02020202,99,1,0,1,1,1,1,1,0,0,1,1,1,0,0,0,0,0,0,0,0,0,0,0,0,1,0,0,0,0,0,1,1,1,1,1,1,1,1,1,1,1,1,1,1,1,0,0,0,0,0,0,0,0,0,0,0,1,1,1,1,1,0,1,1,0,1,1,1,1,1,1,1,1,1,0,1,1,0,0,1,1,0,1,1,1,1,1,1,1,1,1,1,1,1,1,1,1,1,1,1,0
246,Hamilton,6,tablet,y,A,17.5,A,3,0.5,18,0,14,17,1,354,558,98.74551971,94.44444444,3.333333333,2.222222222,90,0,0,0,0,0,0,0,0,1,0,1,1,0,0,0,0,0,0,0,0,0,0,0,0,0,0,0,0,0,0,0,1,1,1,1,1,1,1,1,1,1,1,1,0,0,0,0,0,0,0,0,0,0,0,1,1,1,1,1,1,1,1,1,0,0,0,1,1,1,1,1,1,1,1,0,1,1,0,0,0,1,0,1,0,1,0,1,1,1,1,1,1,1,1,1,1,1,0,0,1,0
247,Hamilton,6,tablet,y,B,24.5,B,9,3.5,28,0,12,21,2,1006,707,98.86845827,86.66666667,11.11111111,2.222222222,90,1,1,1,1,1,1,0,1,1,1,1,1,0,0,0,0,0,0,0,0,0,0,0,0,0,0,1,1,0,0,1,1,1,1,1,1,1,1,1,1,1,1,1,1,1,1,1,1,1,1,1,1,1,1,0,0,1,1,1,1,0,0,1,0,0,0,0,0,1,1,1,1,1,1,0,0,1,1,1,1,1,0,1,1,1,1,1,1,1,1,1,1,1,1,1,1,1,1,1,1,0
248,Hamilton,6,tablet,y,B,11.5,B,5,3.5,15,0,11,16,0,393,586,96.92832765,88.88888889,5.555555556,5.555555556,90,1,1,1,1,1,1,1,1,1,1,1,0,0,0,0,0,0,0,0,0,0,0,0,0,0,0,1,1,0,0,1,1,1,1,1,1,1,1,1,1,1,1,0,0,0,0,0,0,0,0,0,0,0,0,1,0,1,1,0,0,1,1,1,0,0,1,1,1,0,0,1,1,1,1,0,0,0,1,0,0,0,0,1,1,1,1,0,1,1,1,1,1,1,1,1,1,1,0,0,1,0
249,Hamilton,6,tablet,y,A,26.5,B,2,3.5,30,0,20,22,8,807,704,99.28977273,91.11111111,4.444444444,4.444444444,90,1,1,1,1,1,1,0,0,1,1,1,1,1,0,0,0,0,0,0,0,0,0,0,0,1,0,0,0,0,0,1,1,1,1,1,1,1,1,1,1,1,1,1,1,1,1,1,1,1,1,1,1,1,1,1,1,1,1,1,1,1,1,1,1,1,1,1,1,1,1,1,1,1,1,0,1,1,0,1,1,1,1,1,1,1,1,1,1,1,1,1,1,1,1,1,1,1,1,1,1,1
250,Hamilton,6,tablet,y,A,16,A,8,2,18,0,12,20,5,542,644,98.29192547,88.88888889,11.11111111,0,90,1,1,1,1,1,1,1,0,1,1,1,0,0,0,0,0,0,0,0,0,0,0,0,0,0,0,0,0,0,0,1,1,1,1,1,1,1,1,1,1,1,1,1,1,1,0,0,0,0,0,0,0,0,0,1,1,0,0,1,0,1,1,1,0,1,0,0,0,1,1,1,1,1,1,0,0,0,0,0,1,1,0,1,1,1,1,1,1,1,1,1,1,1,1,1,1,0,1,1,1,0
251,Hamilton,6,tablet,y,B,11,A,-2,2,13,0,17,15,3,363,538,97.95539033,75.28089888,17.97752809,6.741573034,89,1,1,1,1,1,1,1,1,0,0,0,0,0,0,0,0,0,0,0,0,0,0,0,0,0,0,0,0,0,0,1,1,1,1,1,1,1,1,1,1,1,1,0,0,0,0,0,0,0,0,0,0,0,0,0,0,0,0,1,0,1,1,1,1,1,1,1,1,1,1,1,1,1,1,0,1,1,0,0,1,0,0,1,1,1,1,1,1,0,0,1,1,0,1,1,1,1,0,0,1,0
252,Hamilton,6,tablet,y,A,21,A,5,2,23,0,14,19,3,659,665,99.39849624,86.36363636,7.954545455,5.681818182,88,1,1,1,1,1,1,0,0,1,1,1,1,0,0,0,0,0,0,0,0,0,0,0,0,0,0,0,0,0,0,1,1,1,1,1,1,1,1,1,1,1,1,0,1,0,1,1,1,1,1,1,1,1,0,1,1,0,0,0,0,1,1,1,0,0,0,0,0,1,1,1,1,1,1,0,1,1,0,1,1,1,0,1,1,1,1,1,1,1,1,1,1,0,1,1,0,1,1,1,1,0
253,Hamilton,6,tablet,y,B,26.5,B,15,0.5,27,0,3,18,5,257,540,96.2962963,85.55555556,4.444444444,10,90,0,0,1,1,1,0,0,0,0,0,0,0,0,0,0,0,0,0,0,0,0,0,0,0,0,0,0,0,0,0,1,1,1,1,1,0,1,1,0,1,1,1,0,1,1,1,1,1,1,1,1,1,1,1,1,1,1,1,1,1,0,0,0,0,0,0,0,0,0,0,1,1,1,0,0,0,0,0,0,0,0,0,1,1,1,1,1,1,1,1,1,1,1,1,1,1,1,0,0,1,0
254,Hamilton,6,tablet,y,A,9,,null,2,11,0,,16,3,563,634,96.68769716,73.33333333,20,6.666666667,90,0,1,1,1,1,1,0,0,1,1,1,1,0,0,0,0,0,0,0,0,0,0,0,0,1,0,0,0,0,0,1,1,1,1,1,1,0,1,1,1,1,1,0,0,0,0,0,0,0,0,0,0,0,0,0,0,0,0,0,0,,,,,,,,,,,,,,,,,,,,,,,1,1,1,0,1,1,1,1,1,1,1,1,1,0,0,0,0,1,0
255,Hamilton,6,tablet,y,A,16.5,A,null,3.5,20,0,5,,3,472,689,99.12917271,61.79775281,2.247191011,35.95505618,89,1,1,1,1,1,1,1,1,1,0,1,1,1,0,0,0,0,0,0,0,0,0,0,0,0,0,0,0,0,0,1,1,1,1,1,1,1,1,1,1,1,1,0,1,1,0,0,0,0,0,0,0,1,1,1,1,1,1,0,0,1,1,1,0,0,0,0,0,0,0,0,0,0,0,0,0,0,0,0,1,1,0,,,,,,,,,,,,,,,,,,,
256,Hamilton,6,tablet,y,B,23.5,A,7,3.5,27,0,6,13,1,381,534,98.87640449,76.66666667,15.55555556,7.777777778,90,1,1,1,1,1,1,1,1,1,1,1,1,0,0,0,0,0,0,0,0,0,0,0,0,1,0,0,0,0,0,1,1,1,1,1,1,1,1,1,1,1,1,1,1,1,1,1,1,1,1,1,1,1,1,1,0,0,0,1,1,1,1,1,1,0,0,1,1,0,0,0,0,0,0,0,0,0,0,0,0,0,0,1,1,1,0,0,1,1,1,1,1,1,0,0,1,1,1,0,1,0
257,Hamilton,6,tablet,y,B,17,B,7,1,18,0,11,18,4,593,715,97.48251748,82.75862069,3.448275862,13.79310345,87,0,0,1,0,1,1,0,0,0,1,0,1,0,0,0,0,0,0,0,0,0,0,0,0,0,0,0,0,0,0,1,1,1,1,1,1,1,1,1,1,1,1,0,1,1,0,0,0,0,0,0,0,1,1,0,0,1,1,0,0,1,1,0,1,0,0,0,0,0,0,1,1,1,1,0,0,0,0,1,1,1,1,1,1,1,1,1,1,0,1,1,1,1,0,0,1,1,1,1,1,0
258,Hamilton,6,tablet,y,B,13,A,1,3,16,0,18,19,2,394,620,96.12903226,58.88888889,11.11111111,30,90,1,1,1,1,1,1,0,0,1,1,1,1,0,0,0,0,0,0,0,0,0,0,0,0,0,0,0,0,0,0,1,1,1,1,1,1,1,1,1,1,1,1,1,0,0,0,0,0,0,0,0,0,0,0,0,0,1,1,1,0,1,1,1,1,1,1,1,1,1,0,1,1,1,1,0,1,1,0,1,1,1,0,1,1,0,1,1,1,1,1,1,1,1,1,1,1,1,1,1,1,0
260,Hamilton,6,tablet,y,A,22.5,B,14,2.5,25,0,7,21,4,438,516,97.28682171,78.16091954,13.79310345,8.045977011,87,1,1,1,1,1,1,0,1,1,1,1,1,0,0,0,0,0,0,0,0,0,0,0,0,0,0,0,0,0,0,1,1,1,1,1,1,1,1,1,1,1,1,1,1,1,1,1,1,1,1,1,1,1,1,1,0,0,0,0,0,1,1,1,0,1,0,1,1,0,0,0,0,0,0,0,0,0,0,0,1,0,0,1,1,1,1,1,1,1,1,1,1,1,1,1,1,1,1,1,1,0
261,Hamilton,6,tablet,y,B,22.5,B,9,2.5,25,0,5,14,2,498,670,97.76119403,73.03370787,22.47191011,4.494382022,89,1,0,1,0,1,0,0,1,0,1,0,1,0,0,0,0,0,0,0,0,0,0,0,0,0,0,0,0,1,1,1,1,1,1,1,1,1,1,1,1,1,1,0,1,1,1,1,1,1,1,1,1,1,1,0,0,1,1,0,0,1,1,1,0,0,0,0,0,0,0,0,0,0,0,0,0,0,0,1,1,0,0,1,1,1,1,1,0,1,1,1,1,1,0,0,0,0,0,0,1,0
262,Hamilton,6,tablet,y,B,11.5,B,2,2.5,14,0,3,5,5,458,487,95.89322382,68.88888889,22.22222222,8.888888889,90,1,1,1,1,1,1,0,0,1,1,1,1,0,0,0,0,0,0,0,0,0,0,0,0,1,0,0,0,0,0,1,1,1,1,1,1,1,1,1,1,1,1,0,0,0,0,0,0,0,0,0,0,0,0,0,0,1,1,0,0,1,1,1,0,0,0,0,0,0,0,0,0,0,0,0,0,0,0,0,0,0,0,1,1,1,1,0,0,0,0,0,0,0,0,0,0,0,0,0,0,0
263,Hamilton,6,tablet,n,A,19,,null,4,23,0,,14,4,346,669,94.31988042,72.22222222,12.22222222,15.55555556,90,1,1,1,1,1,1,1,1,1,1,1,1,0,0,0,0,0,0,0,0,0,0,0,0,0,0,1,1,0,0,1,1,1,1,1,1,1,1,1,1,1,1,0,1,1,1,1,1,1,1,1,1,1,1,0,0,0,0,0,0,,,,,,,,,,,,,,,,,,,,,,,1,1,0,1,1,0,0,1,1,1,1,1,1,0,0,1,1,1,0
264,Hamilton,6,tablet,y,A,28.5,A,12,0.5,29,0,4,16,6,233,462,98.26839827,90,10,0,90,0,0,0,0,1,0,0,0,0,0,0,1,0,0,0,0,0,0,0,0,0,0,0,0,1,0,0,0,0,0,1,1,1,1,1,1,1,1,1,1,0,1,1,1,1,1,1,1,1,1,1,1,1,1,1,1,1,1,1,1,1,1,1,1,0,0,0,0,0,0,0,0,0,0,0,0,0,0,0,0,0,0,1,1,1,0,1,1,0,1,1,1,1,1,1,0,0,1,1,1,0
479,Hamilton,6,tablet,y,B,16.5,B,13,3.5,20,0,6,19,0,273,498,98.79518072,61.79775281,10.11235955,28.08988764,89,0,1,1,1,1,1,1,1,1,1,1,1,0,0,0,0,0,0,0,0,0,0,0,0,1,0,0,0,1,0,1,1,1,1,1,1,1,0,1,1,1,1,1,1,1,0,0,0,0,0,0,0,1,1,1,1,1,1,0,0,1,1,1,0,0,1,0,0,0,1,0,0,0,0,0,1,0,0,0,0,0,0,1,1,1,1,1,1,1,1,1,1,1,1,1,1,1,0,0,1,0
480,Hamilton,6,tablet,y,A,15,,null,1,16,0,,12,2,160,529,98.8657845,64.44444444,28.88888889,6.666666667,90,0,1,1,1,1,1,0,0,1,0,1,1,0,0,0,0,0,0,0,0,0,0,0,0,0,0,0,0,0,0,1,1,1,1,1,1,1,1,1,1,1,1,1,0,0,0,0,0,0,0,0,0,0,0,1,0,1,1,0,0,,,,,,,,,,,,,,,,,,,,,,,1,1,1,0,1,0,0,0,1,1,0,1,0,1,1,0,0,0,0
481,Hamilton,6,tablet,y,B,25,B,6,3,28,0,10,16,1,85,23,4.347826087,5.128205128,1.282051282,0,78,1,1,1,1,1,1,1,1,1,1,1,1,0,0,0,0,0,0,0,0,0,0,0,0,0,0,0,0,0,0,1,1,1,1,1,1,1,1,1,1,1,1,1,1,1,1,1,1,1,1,1,1,1,1,0,0,1,1,1,1,1,1,1,1,0,1,0,0,0,0,1,1,1,1,0,1,0,0,0,0,0,0,1,1,1,1,0,1,1,1,1,1,1,1,1,1,1,0,0,0,0
5101,Hamilton,3,paper,y,A,12,B,11,4,16,0,11,22,0,88,464,93.10344828,85.22727273,9.090909091,5.681818182,88,0,0,0,0,0,0,0,0,1,1,1,1,0,0,0,0,0,0,0,0,0,0,0,0,0,0,0,0,0,0,1,1,1,1,1,1,1,1,1,1,1,1,0,0,0,0,0,0,0,0,0,0,0,0,0,0,1,1,1,1,1,1,1,1,1,1,0,0,0,1,1,1,1,1,0,0,0,0,0,0,0,0,1,1,1,1,1,1,1,1,1,1,1,1,1,1,1,1,1,1,1
5102,Hamilton,3,paper,y,B,15,B,2,11,26,0,12,14,1,71,397,81.61209068,64.77272727,23.86363636,11.36363636,88,1,1,1,1,1,1,0,0,1,1,1,1,0,0,0,0,0,0,0,0,0,0,0,0,1,0,0,0,0,0,1,1,1,1,1,1,1,1,1,1,1,0,1,1,1,1,1,1,1,1,1,1,1,1,1,0,1,1,0,0,1,1,1,0,0,0,1,1,1,1,1,1,1,0,0,1,0,0,0,1,0,0,1,1,1,0,1,1,0,1,1,1,1,1,1,0,0,0,0,1,0
5103,Hamilton,3,paper,y,A,2,,null,6,8,0,,8,2,81,423,70.92198582,84.09090909,7.954545455,7.954545455,88,0,0,1,1,1,1,1,0,1,0,0,0,0,0,0,0,0,0,0,0,0,0,0,0,0,0,0,0,0,0,0,0,1,1,1,1,1,1,1,0,0,0,0,0,0,0,0,0,0,0,0,0,0,0,1,0,0,0,0,0,,,,,,,,,,,,,,,,,,,,,,,1,1,1,0,1,0,0,1,1,1,0,0,0,0,0,0,0,0,0
5104,Hamilton,3,paper,y,B,16,A,5,10,26,0,15,20,0,105,396,92.17171717,81.81818182,5.681818182,12.5,88,1,1,1,1,1,1,0,0,1,1,1,1,0,0,0,0,0,0,0,0,0,0,0,0,0,0,0,0,0,0,0,1,1,1,1,1,1,1,1,1,1,1,1,1,1,1,1,1,1,1,0,0,1,1,1,1,1,1,1,0,1,0,1,0,0,1,1,1,1,1,1,1,1,1,0,1,1,0,1,1,0,0,1,1,1,1,1,1,1,1,1,1,1,1,1,0,1,1,1,1,0
5105,Hamilton,3,paper,y,A,6,A,6,11,17,0,9,15,0,79,455,94.94505495,76.13636364,9.090909091,14.77272727,88,1,1,1,1,1,1,1,0,1,1,1,0,0,0,0,0,0,0,0,0,0,0,0,0,1,0,0,0,0,0,1,1,1,1,1,1,1,1,1,1,1,1,1,0,0,0,0,0,0,0,0,0,0,0,1,1,1,1,0,0,1,0,1,1,0,1,1,1,0,0,0,0,0,1,0,0,0,0,0,1,1,0,1,1,1,1,0,0,1,1,1,1,0,0,1,1,1,1,1,1,0
5106,Hamilton,3,paper,y,A,4,B,2,10,14,0,15,17,2,53,424,75,64.77272727,21.59090909,13.63636364,88,1,0,0,0,1,0,0,1,1,1,1,1,1,0,0,0,0,0,0,0,0,0,0,0,0,0,1,1,0,0,1,1,1,1,1,1,1,1,1,1,1,1,0,0,0,0,0,0,0,0,0,0,0,0,0,0,0,0,1,1,1,1,0,0,0,0,1,1,1,1,1,1,1,1,0,1,1,0,0,1,1,1,1,1,1,1,1,0,0,0,1,1,1,1,1,1,1,0,0,1,1
5107,Hamilton,3,paper,y,Absent,null,B,9,,,0,8,17,2,79,448,92.1875,68.18181818,22.72727273,9.090909091,88,,,,,,,,,,,,,,,,,,,,,,,,,,,,,,,,,,,,,,,,,,,,,,,,,,,,,,,,,,,,,1,1,1,0,0,1,1,1,1,1,0,0,0,0,0,0,0,0,0,0,0,0,1,0,1,0,0,1,1,1,1,1,1,1,1,1,1,1,1,1,0
5108,Hamilton,3,paper,y,A,16,A,3,11,27,0,17,20,0,102,485,94.63917526,88.63636364,5.681818182,5.681818182,88,0,0,1,1,1,1,1,1,1,1,1,0,0,0,0,0,0,0,0,0,0,0,0,0,0,0,1,1,0,0,1,1,1,1,1,1,1,1,1,1,1,1,0,1,1,1,1,1,1,1,1,1,1,1,0,0,1,1,1,1,1,1,1,0,1,0,1,1,1,1,1,1,1,1,0,1,1,0,1,1,1,0,1,1,1,1,1,1,1,1,1,1,1,1,1,1,1,1,0,1,0
5109,Hamilton,3,paper,y,B,3,A,13,13,16,0,2,15,1,76,269,92.19330855,71.59090909,18.18181818,10.22727273,88,1,1,1,1,1,1,1,1,1,1,1,1,1,0,0,0,0,0,0,0,0,0,0,0,0,0,0,0,0,0,1,1,1,1,1,1,1,1,1,1,1,1,0,1,1,0,0,0,0,0,0,0,0,0,0,0,1,1,0,0,0,0,1,0,0,0,0,0,0,0,0,0,0,0,0,0,0,0,0,0,1,0,1,1,1,0,0,1,1,1,1,1,1,1,1,0,0,1,1,1,0
5110,Hamilton,3,paper,y,B,9,B,7,10,19,0,12,19,3,81,364,90.93406593,68.18181818,25,6.818181818,88,1,1,1,1,1,1,0,0,1,1,1,1,0,0,0,0,0,0,0,0,0,0,0,0,0,0,0,0,0,0,1,1,1,1,1,1,1,1,1,1,1,1,1,0,0,0,0,0,0,0,0,0,0,0,1,1,1,1,1,1,1,1,1,0,0,0,1,1,0,0,0,0,0,1,1,1,1,1,0,1,1,0,1,1,1,1,1,1,1,1,1,1,1,1,1,1,1,1,0,0,0
5111,Hamilton,3,paper,y,B,7,A,9,9,16,0,8,17,0,16,362,96.96132597,64.77272727,4.545454545,30.68181818,88,1,0,1,0,1,1,1,1,0,1,0,1,0,0,0,0,0,1,0,0,0,0,0,0,0,0,0,0,0,0,1,1,1,1,1,1,1,1,1,1,1,1,1,1,0,0,0,0,0,0,0,0,0,0,1,1,0,0,0,0,0,0,0,1,1,1,1,1,0,0,1,1,1,0,0,0,0,0,0,0,0,0,1,1,1,1,1,0,1,1,1,1,1,0,0,1,1,1,1,0,0
5112,Hamilton,3,paper,y,A,2,B,7,12,14,0,6,13,3,15,294,93.87755102,70.45454545,23.86363636,5.681818182,88,1,1,1,1,1,1,1,1,1,1,1,1,0,0,0,0,0,0,0,0,0,0,0,0,0,0,0,0,0,0,1,1,1,1,1,1,1,0,1,1,1,1,0,0,0,0,0,0,0,0,0,0,0,0,1,0,0,0,1,1,1,1,1,0,0,1,0,0,0,0,0,0,0,0,0,0,0,1,0,0,0,1,1,1,1,1,1,0,0,1,1,1,0,0,0,0,0,1,1,1,1
5113,Hamilton,3,paper,y,A,2,,null,14,16,0,,19,1,71,318,94.02515723,76.13636364,19.31818182,4.545454545,88,1,1,1,1,1,1,1,1,1,1,1,1,0,0,0,0,0,0,0,0,0,0,0,0,0,0,1,1,0,0,1,1,1,1,1,1,1,1,1,1,1,1,1,0,1,0,0,0,0,0,0,0,0,0,0,0,0,0,1,1,,,,,,,,,,,,,,,,,,,,,,,1,1,1,0,0,1,1,1,1,1,1,1,1,1,1,1,1,1,1
5114,Hamilton,3,paper,y,B,6,B,7,9,15,0,13,20,3,82,449,86.4142539,73.86363636,17.04545455,9.090909091,88,0,1,1,1,1,1,0,0,0,1,1,1,1,0,0,0,0,0,0,0,0,0,0,0,0,0,0,0,0,0,1,1,1,1,1,1,1,1,1,1,1,1,0,1,0,0,0,0,0,0,0,0,0,0,0,0,0,0,1,1,0,0,1,0,0,0,1,1,1,1,1,1,1,1,0,1,1,0,1,1,0,0,1,1,1,0,1,1,1,1,1,1,1,1,1,1,1,1,1,1,1
5115,Hamilton,3,paper,y,B,0,A,15,14,14,0,5,20,1,48,402,89.80099502,82.95454545,12.5,4.545454545,88,1,1,1,1,1,1,1,1,1,1,1,1,1,0,0,0,0,0,0,0,0,0,0,0,1,0,0,0,0,0,1,1,1,1,1,1,1,1,1,1,1,1,1,0,0,0,0,0,0,0,0,0,0,0,1,0,0,0,0,0,1,1,0,0,0,0,0,0,0,0,0,0,0,0,0,0,1,1,0,1,0,0,1,1,1,1,0,1,1,1,1,1,1,1,1,1,1,1,1,1,0